originalFilename,newFilename
.6.086 - 22-02..pdf,.6.086---22-02..pdf
10.08 HR Regulation 4-12-22.pdf,10.08-hr-regulation-4-12-22.pdf
10.09-20-05.pdf,10.09-20-05.pdf
10day Effective RevenueReg UPDATED REG1-13-20.pdf,10day-effective-revenuereg-updated-reg1-13-20.pdf
11.02 - 11.08 HR Regulation 4-12-22.pdf,11.02---11.08-hr-regulation-4-12-22.pdf
11.02 - 11.08_HR Regulation 4-12-22.pdf,11.02---11.08_hr-regulation-4-12-22.pdf
11.02-- 11.08 HR Regulation 4-12-22.pdf,11.02---11.08-hr-regulation-4-12-22.pdf
11.02_ 11.08 HR Regulation 4-12-22.pdf,11.02_-11.08-hr-regulation-4-12-22.pdf
11.10 HR Regulation 4-12-22.pdf,11.10-hr-regulation-4-12-22.pdf
11.17 22-04.pdf,11.17-22-04.pdf
11.17.pdf,11.17.pdf
11.17_23-05.pdf,11.17_23-05.pdf
12-13-2022_Blackline of section Amendment.pdf,12-13-2022_blackline-of-section-amendment.pdf
12.02-draft-19-12.pdf,12.02-draft-19-12.pdf
13th emergency BOH reg re Outdoor Activities - Approval Memo 2020.10.14.pdf,13th-emergency-boh-reg-re-outdoor-activities---approval-memo-2020.10.14.pdf
14.0414 -draft-21-06.pdf,14.0414--draft-21-06.pdf
14th emergency BOH reg re LTCF Recission - Approval Memo 2020.10.14.pdf,14th-emergency-boh-reg-re-ltcf-recission---approval-memo-2020.10.14.pdf
15.044-22-12.pdf,15.044-22-12.pdf
15th emergency BOH reg re Indoor Dining - Approval Memo 2020.10.14.pdf,15th-emergency-boh-reg-re-indoor-dining---approval-memo-2020.10.14.pdf
17-111. Energy Efficiency and Enviro Design_Regulation 09-07-2022.pdf,17-111.-energy-efficiency-and-enviro-design_regulation-09-07-2022.pdf
17-1400 Report and Regulations.pdf,17-1400-report-and-regulations.pdf
17.061- 06.21.pdf,17.061--06.21.pdf
17.061-draft-20-07.pdf,17.061-draft-20-07.pdf
17.072-06.21.pdf,17.072-06.21.pdf
18th Emergency Reg Approval Memo 2020.11.24.pdf,18th-emergency-reg-approval-memo-2020.11.24.pdf
19.01-21-10.pdf,19.01-21-10.pdf
19.0132-21-10.pdf,19.0132-21-10.pdf
19.018-21-10.pdf,19.018-21-10.pdf
19.018-22-02.pdf,19.018-22-02.pdf
19th Emergency Reg Approval Memo 2021.1.6.pdf,19th-emergency-reg-approval-memo-2021.1.6.pdf
20-03 Final Memo updated.pdf,20-03-final-memo-updated.pdf
20.042-1-21-10.pdf,20.042-1-21-10.pdf
20.044-2-21-10.pdf,20.044-2-21-10.pdf
2018-Rate Determination.pdf,2018-rate-determination.pdf
2019 --Rate Determination.pdf,2019---rate-determination.pdf
2020-07-07 Cover Memo- L and I Emergency Reg Admin Review for Variances and Spec Exemp.pdf,2020-07-07-cover-memo--l-and-i-emergency-reg-admin-review-for-variances-and-spec-exemp.pdf
2020-12-28 Plastic Bag Ban Reg Cover Ltr_v2.pdf,2020-12-28-plastic-bag-ban-reg-cover-ltr_v2.pdf
2020-12-28 Plastic Bag Ban Updated Emergency_v1.pdf,2020-12-28-plastic-bag-ban-updated-emergency_v1.pdf
2020.07.10 Memo to Records re 2 BOH COVID-19 regulations-signed.pdf,2020.07.10-memo-to-records-re-2-boh-covid-19-regulations-signed.pdf
2020.3.27 Approval Memo for Emergency Regulaltion Governing the Control and Prevention of COVID-19.pdf,2020.3.27-approval-memo-for-emergency-regulaltion-governing-the-control-and-prevention-of-covid-19.pdf
2020.3.30 Approval Memo for I and P Reg.pdf,2020.3.30-approval-memo-for-i-and-p-reg.pdf
2020.5.15 Fourth Supplemental Emergency Regulation -  Approval Memo for COVID-19.pdf,2020.5.15-fourth-supplemental-emergency-regulation----approval-memo-for-covid-19.pdf
2020.5.15- Amendments to Regulations Governing Control of Diseases and Conditions -  Approval Memo for COVID-19.pdf,2020.5.15--amendments-to-regulations-governing-control-of-diseases-and-conditions----approval-memo-for-covid-19.pdf
2020.6.12 Approval Memo for COVID-19 - Yellow Phase.pdf,2020.6.12-approval-memo-for-covid-19---yellow-phase.pdf
2020.6.12- Approval Memo for COVID-19 - Mandatory Reporting.pdf,2020.6.12--approval-memo-for-covid-19---mandatory-reporting.pdf
2020.6.15 Approval Memo for Affordable Housing Application Regulation.pdf,2020.6.15-approval-memo-for-affordable-housing-application-regulation.pdf
2020.7.10 Approval Memo for COVID-19 - Amendments to Yellow and Green Phase.pdf,2020.7.10-approval-memo-for-covid-19---amendments-to-yellow-and-green-phase.pdf
2020.7.10 Approval Memo for COVID-19 - Masks.pdf,2020.7.10-approval-memo-for-covid-19---masks.pdf
2020.8.13 Approval Memo for COVID-19 - 9TH Emergency COVID Reg - Construction Activity.pdf,2020.8.13-approval-memo-for-covid-19---9th-emergency-covid-reg---construction-activity.pdf
2020.8.13 Approval Memo for COVID-19 - Second Mandatory Data Reporting Order.pdf,2020.8.13-approval-memo-for-covid-19---second-mandatory-data-reporting-order.pdf
2020.8.13 Approval Memo for Tobacco.pdf,2020.8.13-approval-memo-for-tobacco.pdf
2020.9.11 Approval Memo for COVID-19 - Amendments to Green Indoor Dining 12th Reg.pdf,2020.9.11-approval-memo-for-covid-19---amendments-to-green-indoor-dining-12th-reg.pdf
2020.9.11 Approval Memo for COVID-19 - Amendments to Green Phase - Gyms and Recreation - 11th Reg.pdf,2020.9.11-approval-memo-for-covid-19---amendments-to-green-phase---gyms-and-recreation---11th-reg.pdf
2020.9.17 Approval Memo for Fair Housing COVID-19 Reg-1......pdf,2020.9.17-approval-memo-for-fair-housing-covid-19-reg-1......pdf
20200319 Emergency Review Period Regs JCK.pdf,20200319-emergency-review-period-regs-jck.pdf
20200320 Emergency Reg Approval.pdf,20200320-emergency-reg-approval.pdf
20200327 Memo to Records re BOH COVID-19 regulation.pdf,20200327-memo-to-records-re-boh-covid-19-regulation.pdf
20200423 Memo to Records re BOH COVID-19 regulation.pdf,20200423-memo-to-records-re-boh-covid-19-regulation.pdf
20200515 Memo to Records re 2 BOH COVID-19 regulations.pdf,20200515-memo-to-records-re-2-boh-covid-19-regulations.pdf
20200515-Memo to Records re 2 BOH COVID-19 regulations.pdf,20200515-memo-to-records-re-2-boh-covid-19-regulations.pdf
20200609 Emergency Reg Street Closure JCK JBD Signed.pdf,20200609-emergency-reg-street-closure-jck-jbd-signed.pdf
20200612 Memo to Records re 2 BOH COVID-19 regulations.pdf,20200612-memo-to-records-re-2-boh-covid-19-regulations.pdf
20200612-Memo to Records re 2 BOH COVID-19 regulations.pdf,20200612-memo-to-records-re-2-boh-covid-19-regulations.pdf
20200710 Memo to Records re 2 BOH COVID-19 regulations-signed.pdf,20200710-memo-to-records-re-2-boh-covid-19-regulations-signed.pdf
20200805-Approving rate determination as to legality and form.pdf,20200805-approving-rate-determination-as-to-legality-and-form.pdf
20200805_Transmitting Rate Determination for filing.pdf,20200805_transmitting-rate-determination-for-filing.pdf
20200820 Tune Up Reg JCK_1.pdf,20200820-tune-up-reg-jck_1.pdf
2021 General Rate Determination 6.16.2021.pdf,2021-general-rate-determination-6.16.2021.pdf
2021 Regulations for Temporary Sidewalk Cafes and Streeteries.pdf,2021-regulations-for-temporary-sidewalk-cafes-and-streeteries.pdf
2021-01-11 Approval Memo for December 2020 Center City Parking Changes.pdf,2021-01-11-approval-memo-for-december-2020-center-city-parking-changes.pdf
2021.05.28-Wayfinding Regs.pdf,2021.05.28-wayfinding-regs.pdf
2021.08.10 Wayfinding Meeting Report.pdf,2021.08.10-wayfinding-meeting-report.pdf
2021.09.10 Memo to Commissioner of Records re Filing for Public Inspection.pdf,2021.09.10-memo-to-commissioner-of-records-re-filing-for-public-inspection.pdf
2021.1.20 Law Approval Memo for COVID19 BOH Regulation.pdf,2021.1.20-law-approval-memo-for-covid19-boh-regulation.pdf
03_18_2021 Memorandum to Records Department_ Board of Ethics Regulation 3.pdf,03_18_2021-memorandum-to-records-department_-board-of-ethics-regulation-3.pdf
2021.1.20 _ Consolidated Safer at Home Reg with Att _A.pdf,2021.1.20-_-consolidated-safer-at-home-reg-with-att-_a.pdf
2021.10.22 Approval Memo re Serology on Maternal Blood.pdf,2021.10.22-approval-memo-re-serology-on-maternal-blood.pdf
.Regulation Packet Chapter 2 - 205.2 - signed..pdf,.regulation-packet-chapter-2---205.2---signed..pdf
2021.11.02 Amended Wayfinding Regs Signed.pdf,2021.11.02-amended-wayfinding-regs-signed.pdf
2021.12.28  COVID Perinatal Surveillance Approval Memo.pdf,2021.12.28--covid-perinatal-surveillance-approval-memo.pdf
2021.3.11 Approval Memo for COVID-19 - Spring Emergency Orders.pdf,2021.3.11-approval-memo-for-covid-19---spring-emergency-orders.pdf
2021.4.12 Approval Memo for COVID-19 - Second Amend Spring Safer at Home.pdf,2021.4.12-approval-memo-for-covid-19---second-amend-spring-safer-at-home.pdf
2021.5.14  Approval Memo for COVID-19 3d Amend Consolidated and Restated.pdf,2021.5.14--approval-memo-for-covid-19-3d-amend-consolidated-and-restated.pdf
2021.5.14  Approval Memo for COVID-19 VIS Substitution.pdf,2021.5.14--approval-memo-for-covid-19-vis-substitution.pdf
2021.5.14  Approval Memo for Poll Workers Final.pdf,2021.5.14--approval-memo-for-poll-workers-final.pdf
2021.6.14 Approval Memo 2021 Emergency Housing.pdf,2021.6.14-approval-memo-2021-emergency-housing.pdf
2021.7.16 Approval 2nd Consolidated COVID Reg - Attachment 1.pdf,2021.7.16-approval-2nd-consolidated-covid-reg---attachment-1.pdf
2021.7.16 Approval 2nd Consolidated COVID Reg.pdf,2021.7.16-approval-2nd-consolidated-covid-reg.pdf
2021.8.13 Approval Memo for Amendment to Second Consolidated and Restated Order.pdf,2021.8.13-approval-memo-for-amendment-to-second-consolidated-and-restated-order.pdf
2021.8.16 Approval Memo for Emergency Vaccine Mandate Regulation.pdf,2021.8.16-approval-memo-for-emergency-vaccine-mandate-regulation.pdf
2021.9.8 Hookah Approval Memo - Attachment - Clean Indoor Air Worker Protection Regulation.pdf,2021.9.8-hookah-approval-memo---attachment---clean-indoor-air-worker-protection-regulation.pdf
2021.9.8 Hookah Approval Memo.pdf,2021.9.8-hookah-approval-memo.pdf
20210319 11-104 Signed Records Letter.pdf,20210319-11-104-signed-records-letter.pdf
20210319 Transit Platform Area regs.pdf,20210319-transit-platform-area-regs.pdf
20211231 MDO Letter Signed.pdf,20211231-mdo-letter-signed.pdf
20211231 Sidewalk Cafe Regs Final.pdf,20211231-sidewalk-cafe-regs-final.pdf
20211231 TSC Regs Approval Memo.pdf,20211231-tsc-regs-approval-memo.pdf
2022-03-28 Approval Memo for January 2022 Center City Parking Changes.pdf,2022-03-28-approval-memo-for-january-2022-center-city-parking-changes.pdf
2022-03-28 Approval Memo for March 2022 Center City Parking Changes.pdf,2022-03-28-approval-memo-for-march-2022-center-city-parking-changes.pdf
2022-03-28 __Approval Memo for February 2022 Center City Parking Changes.pdf,2022-03-28-__approval-memo-for-february-2022-center-city-parking-changes.pdf
2022-07-05 Approval Memo for April 2022 Center City Parking Changes.pdf,2022-07-05-approval-memo-for-april-2022-center-city-parking-changes.pdf
2022-07-05 Approval Memo for May 2022 Center City Parking Changes.pdf,2022-07-05-approval-memo-for-may-2022-center-city-parking-changes.pdf
2022.10.18 Memo Acute Flaccid Myelitis.pdf,2022.10.18-memo-acute-flaccid-myelitis.pdf
2022.10.18 Memo Fourth Restated and Consolidated Regulation.pdf,2022.10.18-memo-fourth-restated-and-consolidated-regulation.pdf
2022.10.18 Memo Second Amendment - Healthcare and Higher Ed.pdf,2022.10.18-memo-second-amendment---healthcare-and-higher-ed.pdf
2022.2.25  Indoor Dining Vaccine Mandate Memo.pdf,2022.2.25--indoor-dining-vaccine-mandate-memo.pdf
2022.2.25  Third Restated and Consolidated Regulation Memo.pdf,2022.2.25--third-restated-and-consolidated-regulation-memo.pdf
2022.2.25 Regulation Regarding Blood Lead Level Testing in Children Memo.pdf,2022.2.25-regulation-regarding-blood-lead-level-testing-in-children-memo.pdf
2022.3.11  Amendment to the Third Restated and Consolidated Regulation Memo.pdf,2022.3.11--amendment-to-the-third-restated-and-consolidated-regulation-memo.pdf
2022.4.21 Approval Memo - Health Regulation Rescinding Emergency Order.pdf,2022.4.21-approval-memo---health-regulation-rescinding-emergency-order.pdf
2022.4.22 Approval Memo - Flavored Tobacco Products Regulation Rescission..pdf,2022.4.22-approval-memo---flavored-tobacco-products-regulation-rescission..pdf
2022.6.29_Approval Memo_Regulation Relating to Firearm Injury Data Collection.pdf,2022.6.29_approval-memo_regulation-relating-to-firearm-injury-data-collection.pdf
2022.8 5 Approval for the Amendment to the Emergency Reg Governing the Control and Prevention of COVID-19 Mandating Vaccines.pdf,2022.8-5-approval-for-the-amendment-to-the-emergency-reg-governing-the-control-and-prevention-of-covid-19-mandating-vaccines.pdf
2022.8.18 Monkey Pox Amendment Approval Memo.pdf,2022.8.18-monkey-pox-amendment-approval-memo.pdf
20220118 EVC Reg Package.pdf,20220118-evc-reg-package.pdf
20220211 Amended Plumber Permit Regs.pdf,20220211-amended-plumber-permit-regs.pdf
20220211 Streetery Regs Final JCK.pdf,20220211-streetery-regs-final-jck.pdf
03162020142718-0001.pdf,03162020142718-0001.pdf
2023 General Rate Proceeding Rate Determination adopted by Rate Board_20230621.pdf,2023-general-rate-proceeding-rate-determination-adopted-by-rate-board_20230621.pdf
2023 TAP-R Reconciliation Proceeding Rate Determination adopted by Rate Board 20230621.pdf,2023-tap-r-reconciliation-proceeding-rate-determination-adopted-by-rate-board-20230621.pdf
2023.04.18 BoLS Hearing Procedure Regulations APPROVED.pdf,2023.04.18-bols-hearing-procedure-regulations-approved.pdf
2023.1.13 Amendment to Disease Control and Prevention Reporting Regulations - Severe Maternal Morbidity_Law Approval.pdf,2023.1.13-amendment-to-disease-control-and-prevention-reporting-regulations---severe-maternal-morbidity_law-approval.pdf
2023.1.13 COVID-19 Leave Labor Reg Approval.pdf,2023.1.13-covid-19-leave-labor-reg-approval.pdf
2023.1.13 Regulation Relating to Surveillance of Severe Maternal Morbidity_Law Approval.pdf,2023.1.13-regulation-relating-to-surveillance-of-severe-maternal-morbidity_law-approval.pdf
21.02-21-10.pdf,21.02-21-10.pdf
21.0315-23-04.pdf,21.0315-23-04.pdf
22-11 Law Memo Signed.pdf,22-11-law-memo-signed.pdf
22-11 Law Memo_Signed.pdf,22-11-law-memo_signed.pdf
22-11_Law Memo Signed.pdf,22-11_law-memo-signed.pdf
22-12 Law Memo SIGNED.pdf,22-12-law-memo-signed.pdf
22-12_Law Memo SIGNED.pdf,22-12_law-memo-signed.pdf
22-5 Signed Law Memo.pdf,22-5-signed-law-memo.pdf
22-5_ Signed Law Memo.pdf,22-5_-signed-law-memo.pdf
22-6 Law Memo Signed.pdf,22-6-law-memo-signed.pdf
22-7 Law Memo.pdf,22-7-law-memo.pdf
22-7_ Law Memo.pdf,22-7_-law-memo.pdf
20220901 Warren St Parking Permit Regs.pdf,20220901-warren-st-parking-permit-regs.pdf
22-8 Law Memo _SIGNED.pdf,22-8-law-memo-_signed.pdf
22.124-21-10.pdf,22.124-21-10.pdf
22.124-22-02.pdf,22.124-22-02.pdf
2021.10.29.  Approval Memo for Poll Workers.pdf,2021.10.29.--approval-memo-for-poll-workers.pdf
23-01 Law Memo Signed.pdf,23-01-law-memo-signed.pdf
23-03 Law Memo UPDATED-signed.pdf,23-03-law-memo-updated-signed.pdf
23-03 Law Memo UPDATED_signed.pdf,23-03-law-memo-updated_signed.pdf
23-04 Law Memo -FW signature.pdf,23-04-law-memo--fw-signature.pdf
23-04 Law Memo_FW signature.pdf,23-04-law-memo_fw-signature.pdf
22.14-21-10.pdf,22.14-21-10.pdf
23-04_Law Memo_FW signature.pdf,23-04_law-memo_fw-signature.pdf
23-05 Law Memo fw signature.pdf,23-05-law-memo-fw-signature.pdf
23-05 Law Memo_fw signature.pdf,23-05-law-memo_fw-signature.pdf
2021.3.18 Approval Memo for Newstands 2021.3.31.pdf,2021.3.18-approval-memo-for-newstands-2021.3.31.pdf
23-05_Law Memo_fw signature.pdf,23-05_law-memo_fw-signature.pdf
23-06 Law Memo SIGNED.pdf,23-06-law-memo-signed.pdf
23.03-21-10.pdf,23.03-21-10.pdf
23.05-draft-20-04.pdf,23.05-draft-20-04.pdf
27.01284-23-05.pdf,27.01284-23-05.pdf
30.12-23-01.pdf,30.12-23-01.pdf
31.047-23-05.pdf,31.047-23-05.pdf
31.25-20-05.pdf,31.25-20-05.pdf
31.26-20-05.pdf,31.26-20-05.pdf
23-05_Law Memo fw signature.pdf,23-05_law-memo-fw-signature.pdf
31.33- 21-10.pdf,31.33--21-10.pdf
31.60-draft-20-11.pdf,31.60-draft-20-11.pdf
31.61-23-03.pdf,31.61-23-03.pdf
31.62-22-11.pdf,31.62-22-11.pdf
31.62-23-03.pdf,31.62-23-03.pdf
31.807-21-10.pdf,31.807-21-10.pdf
31.81.6-21-10.pdf,31.81.6-21-10.pdf
33.01 - draft-20-07.pdf,33.01---draft-20-07.pdf
5.026-22-5.pdf,5.026-22-5.pdf
5.158 Approved by Ad Board.pdf,5.158-approved-by-ad-board.pdf
5.158 Classes Eligible For In-Position Promotion.pdf,5.158-classes-eligible-for-in-position-promotion.pdf
5.158-22-02.pdf,5.158-22-02.pdf
5.158-23-4.pdf,5.158-23-4.pdf
5.158-23-6.pdf,5.158-23-6.pdf
5.158-FINAL 22-07.pdf,5.158-final-22-07.pdf
5.158-draft-20-01.pdf,5.158-draft-20-01.pdf
5.158-draft-20-04.pdf,5.158-draft-20-04.pdf
5.158-draft-21-06.pdf,5.158-draft-21-06.pdf
5.158-draft-21-08.pdf,5.158-draft-21-08.pdf
5.158-draft-21-10.pdf,5.158-draft-21-10.pdf
31.27-draft-20-11.pdf,31.27-draft-20-11.pdf
6.086 - 22-02.pdf,6.086---22-02.pdf
6.086 -Approved by Ad Board.pdf,6.086--approved-by-ad-board.pdf
6.086-22-12.pdf,6.086-22-12.pdf
6.086-23-4.pdf,6.086-23-4.pdf
6.112-1-21-10.pdf,6.112-1-21-10.pdf
6.115-9 -21-10.pdf,6.115-9--21-10.pdf
6.115.10.pdf,6.115.10.pdf
6.1155.1-Approved by Ad Board.pdf,6.1155.1-approved-by-ad-board.pdf
6.1215-draft-20-08.pdf,6.1215-draft-20-08.pdf
6.14-19- Approved by Ad Board.pdf,6.14-19--approved-by-ad-board.pdf
6.14-19.pdf,6.14-19.pdf
6.14-29-21-10.pdf,6.14-29-21-10.pdf
6.14-38-21-10.pdf,6.14-38-21-10.pdf
6.14-56 and 6.14-57-.pdf,6.14-56-and-6.14-57-.pdf
6.14-56 and 6.14-57.pdf,6.14-56-and-6.14-57.pdf
6.14-58-21-10.pdf,6.14-58-21-10.pdf
6.14-58-draft-21-08.pdf,6.14-58-draft-21-08.pdf
6.14-59-draft-21-10.pdf,6.14-59-draft-21-10.pdf
6.14.37-20-05.pdf,6.14.37-20-05.pdf
6.14.61-22-5.pdf,6.14.61-22-5.pdf
6.14.62-22-11.pdf,6.14.62-22-11.pdf
6.14.63.pdf,6.14.63.pdf
6.14.64-22-12.pdf,6.14.64-22-12.pdf
6.14.65-23-06.pdf,6.14.65-23-06.pdf
6.31-draft-21-10.pdf,6.31-draft-21-10.pdf
6.31_draft-20-09.pdf,6.31_draft-20-09.pdf
6.32-draft-20-09.pdf,6.32-draft-20-09.pdf
7.08-23-05.pdf,7.08-23-05.pdf
7.09-draft-21-06.pdf,7.09-draft-21-06.pdf
9.023-22-11.pdf,9.023-22-11.pdf
22-8 Law Memo SIGNED.pdf,22-8-law-memo-signed.pdf
9.091-B-draft-21-06.pdf,9.091-b-draft-21-06.pdf
9.11-draft-21-06.pdf,9.11-draft-21-06.pdf
AMR III Law Approval Memo_5-9-2022.pdf,amr-iii-law-approval-memo_5-9-2022.pdf
AMR III amendment_memo from Health Commissioner to Records_2022-05-09 signed.pdf,amr-iii-amendment_memo-from-health-commissioner-to-records_2022-05-09-signed.pdf
AMR III amendment_memo from Kass to Health Commissioner_2022-05-09.pdf,amr-iii-amendment_memo-from-kass-to-health-commissioner_2022-05-09.pdf
5.158.pdf,5.158.pdf
AMS Regulation III_Amendments_FINAL_Clean_10-21-2021.pdf,ams-regulation-iii_amendments_final_clean_10-21-2021.pdf
AMS Regulation III_Amendments_FINAL_blackline_10-21-2021.pdf,ams-regulation-iii_amendments_final_blackline_10-21-2021.pdf
AMS Regulation VI Approval Memo__2022_04_29.pdf,ams-regulation-vi-approval-memo__2022_04_29.pdf
Admin Code Reg 6-17-20.pdf,admin-code-reg-6-17-20.pdf
Admin Review 13-303.pdf,admin-review-13-303.pdf
Airport Rates and Charges Regulation for filing 6.18.21.pdf,airport-rates-and-charges-regulation-for-filing-6.18.21.pdf
Airport Rates and Charges Regulation.pdf,airport-rates-and-charges-regulation.pdf
Airport Rates and Charges Regulation_Hearing Report_6.15.2022.pdf,airport-rates-and-charges-regulation_hearing-report_6.15.2022.pdf
Airport Regs.pdf,airport-regs.pdf
Amend  to LI temporary use reg -second version- 2020.09.08.pdf,amend--to-li-temporary-use-reg--second-version--2020.09.08.pdf
Amend OPA Regulations on Abatement_11-19-21_.pdf,amend-opa-regulations-on-abatement_11-19-21_.pdf
Amendment - Third Consolidated COVID-19 Regulation.pdf,amendment---third-consolidated-covid-19-regulation.pdf
Amendment Regarding Acute Flaccid Myelitis.pdf,amendment-regarding-acute-flaccid-myelitis.pdf
Amendment of Civil Service Regulations 5.158 and 9.018.pdf,amendment-of-civil-service-regulations-5.158-and-9.018.pdf
"Amendment to Board of Pensions Regulation 1, adding section 1.16 .pdf",amendment-to-board-of-pensions-regulation-1--adding-section-1.16-.pdf
Amendment to Fourth Consolidated COVID_Reg Masking Relax_Final.pdf,amendment-to-fourth-consolidated-covid_reg-masking-relax_final.pdf
Amendment to General Regulations Relating to Taxes and Other Revenues-Section 204_  5.17.2022.pdf,amendment-to-general-regulations-relating-to-taxes-and-other-revenues-section-204_--5.17.2022.pdf
Amendment to General Regulations Relating to Taxes and Other Revenues-Section 204_  6.28.2022.pdf,amendment-to-general-regulations-relating-to-taxes-and-other-revenues-section-204_--6.28.2022.pdf
Amendment to General Regulations_6.28.2022.pdf,amendment-to-general-regulations_6.28.2022.pdf
Amendment to Health and Higher Ed Adopted by BOH.pdf,amendment-to-health-and-higher-ed-adopted-by-boh.pdf
Amendment to Regulations Governing the Control of Communicable and Non-Communicable Dieases and Conditions SMM Final.pdf,amendment-to-regulations-governing-the-control-of-communicable-and-non-communicable-dieases-and-conditions-smm-final.pdf
9.0670-23-03.pdf,9.0670-23-03.pdf
Amendment to Section I-t of Regulations as filed with Records_ 20211105.pdf,amendment-to-section-i-t-of-regulations-as-filed-with-records_-20211105.pdf
Amendment to Section I-t of Regulations.pdf,amendment-to-section-i-t-of-regulations.pdf
Amendment to Reporting Regulations_Monkeypox and MIS_Final.pdf,amendment-to-reporting-regulations_monkeypox-and-mis_final.pdf
Amendment to Section I-tof Regulations_.pdf,amendment-to-section-i-tof-regulations_.pdf
Amendment to the Real Estate Transfer Tax Regulation 12-10-21.pdf,amendment-to-the-real-estate-transfer-tax-regulation-12-10-21.pdf
Amendments Of Civil Service Regulation 6 and Regulation 30.pdf,amendments-of-civil-service-regulation-6-and-regulation-30.pdf
Amendments of Civil Service Regulation 11.02.pdf,amendments-of-civil-service-regulation-11.02.pdf
Amendments of Civil Service Regulation 14.01.pdf,amendments-of-civil-service-regulation-14.01.pdf
Amendments of Civil Service Regulation 17.07.pdf,amendments-of-civil-service-regulation-17.07.pdf
Amendments of Civil Service Regulations 9-10-18.pdf,amendments-of-civil-service-regulations-9-10-18.pdf
Amendments of Civil Service Regulations.pdf,amendments-of-civil-service-regulations.pdf
Amendments of Civil Service Service Regulation 10.01.pdf,amendments-of-civil-service-service-regulation-10.01.pdf
Amendments to Emergency Temporary Outdoor Dining Regs 6.9.21.pdf,amendments-to-emergency-temporary-outdoor-dining-regs-6.9.21.pdf
Amendments to the Income-Based Water Rate Assistance Program Regulations.pdf,amendments-to-the-income-based-water-rate-assistance-program-regulations.pdf
Amendments to the Parking Regulations for the Center City Area.pdf,amendments-to-the-parking-regulations-for-the-center-city-area.pdf
"Amendments to the Philadelphia Water Department Regulations Chapter 2 Section 206.2,  effective July 1, 2022.pdf",amendments-to-the-philadelphia-water-department-regulations-chapter-2-section-206.2---effective-july-1--2022.pdf
Amendments to the Philadelphia Water Department Regulations_Chapter 2.pdf,amendments-to-the-philadelphia-water-department-regulations_chapter-2.pdf
Amendments_Board of Ethics.pdf,amendments_board-of-ethics.pdf
Appendix A_Severe Maternal Morbidity Data Dictionary.pdf,appendix-a_severe-maternal-morbidity-data-dictionary.pdf
Approval Memo - DPH Second Supplemental Emergency Regulation re COVID 19.pdf,approval-memo---dph-second-supplemental-emergency-regulation-re-covid-19.pdf
Approval Memo - Emergency Reg - Chapter 9-4900.pdf,approval-memo---emergency-reg---chapter-9-4900.pdf
Approval Memo 2021 Regulations for Temporary Sidewalk Cafes and Streeteries.pdf,approval-memo-2021-regulations-for-temporary-sidewalk-cafes-and-streeteries.pdf
Approval Memo _Delinquent Licenses.pdf,approval-memo-_delinquent-licenses.pdf
April 2022 Amendment to AMS Regulation VI__as approved by APCB.pdf,april-2022-amendment-to-ams-regulation-vi__as-approved-by-apcb.pdf
April 22 2022 Emergency Regulation Rescinding Regulation Requiring Wearing a Face Mask on PHL premises.pdf,april-22-2022-emergency-regulation-rescinding-regulation-requiring-wearing-a-face-mask-on-phl-premises.pdf
Art Commission Regs 03-09-15.pdf,art-commission-regs-03-09-15.pdf
Attachment - BOH 19th Emergency Reg re Safer at Home Fall-Winter with Attachment.pdf,attachment---boh-19th-emergency-reg-re-safer-at-home-fall-winter-with-attachment.pdf
Attachment B to Approval Memo - Declaration of Extraordinary Circumstance.pdf,attachment-b-to-approval-memo---declaration-of-extraordinary-circumstance.pdf
Attachment to Approval Mem - Final Serology on Maternal Blood for Congenital Syphilis Regulation -.pdf,attachment-to-approval-mem---final-serology-on-maternal-blood-for-congenital-syphilis-regulation--.pdf
August 2020 Update.pdf,august-2020-update.pdf
BBS W Miller ltr 6-8-20.pdf,bbs-w-miller-ltr-6-8-20.pdf
BLIR Emergency Covid 19 Reg Updated-3-18.pdf,blir-emergency-covid-19-reg-updated-3-18.pdf
BLIR Emergency Covid 19 lifting suspension of appeal deadline Approval Letter.pdf,blir-emergency-covid-19-lifting-suspension-of-appeal-deadline-approval-letter.pdf
BLIR Emergency Regs Regarding Public Hearing Procedures Approval Memo.pdf,blir-emergency-regs-regarding-public-hearing-procedures-approval-memo.pdf
BLIR Emergency Regs Regarding Public Hearing Procedures-52379.pdf,blir-emergency-regs-regarding-public-hearing-procedures-52379.pdf
BLIR Reg lifting susp appeal Board revision.pdf,blir-reg-lifting-susp-appeal-board-revision.pdf
BOE August 17.2022 Hearing Report on Regulation No 1 _09_23_22.pdf,boe-august-17.2022-hearing-report-on-regulation-no-1-_09_23_22.pdf
BOH - 16th Supplemental Emergency Regulation - Gathering Sizes.pdf,boh---16th-supplemental-emergency-regulation---gathering-sizes.pdf
BOH - 17th Supplemental Emergency Regulation - LTCF.pdf,boh---17th-supplemental-emergency-regulation---ltcf.pdf
BOH 18th Emergency Reg re Safer at Home Fall-Winter with Attachment A.pdf,boh-18th-emergency-reg-re-safer-at-home-fall-winter-with-attachment-a.pdf
BOH Report on 12.23.2021 Hearing with Emergency Regulation Mandating Vaccines for Individuals Working and Dining at Indoor Dining Locations.pdf,boh-report-on-12.23.2021-hearing-with-emergency-regulation-mandating-vaccines-for-individuals-working-and-dining-at-indoor-dining-locations.pdf
BOH reg - 2nd Amend SSHO - approved.pdf,boh-reg---2nd-amend-ssho---approved.pdf
BOH reg - 3rd Amend SSHO.pdf,boh-reg---3rd-amend-ssho.pdf
BOH reg - VIS substitution.pdf,boh-reg---vis-substitution.pdf
BOH reg re flavored tobacco.pdf,boh-reg-re-flavored-tobacco.pdf
BOH regulation re indoor dining and theater.pdf,boh-regulation-re-indoor-dining-and-theater.pdf
BOH regulation re indoor exercise and recreation.pdf,boh-regulation-re-indoor-exercise-and-recreation.pdf
Banner Regulation Amendment Signed.pdf,banner-regulation-amendment-signed.pdf
Banner Regulations Approval Memo.pdf,banner-regulations-approval-memo.pdf
Bd. of Ethics -- Reg. 1 -- Board Regulation No. 1_ For Public Comment.pdf,bd.-of-ethics----reg.-1----board-regulation-no.-1_-for-public-comment.pdf
Bd. of Ethics -- Reg. 1 -- Law Department Approval Memorandum.pdf,bd.-of-ethics----reg.-1----law-department-approval-memorandum.pdf
Bd. of Ethics -- Reg. 1 -- Memo to Records_Final 07_21_22.pdf,bd.-of-ethics----reg.-1----memo-to-records_final-07_21_22.pdf
Bd. of Ethics -- Reg. 1 __ Board Regulation No.1_ For Public Comment.pdf,bd.-of-ethics----reg.-1-__-board-regulation-no.1_-for-public-comment.pdf
Bd. of Ethics -- Reg. 1__Law Department Approval Memorandum.pdf,bd.-of-ethics----reg.-1__law-department-approval-memorandum.pdf
Bd. of Ethics -- Reg. 1__Memo to Records_Final 07_21_22.pdf,bd.-of-ethics----reg.-1__memo-to-records_final-07_21_22.pdf
Bd. of Ethics Reg. 9-27-14.pdf,bd.-of-ethics-reg.-9-27-14.pdf
Bd. of Pensions & Retirement Reg. 7-14-14.pdf,bd.-of-pensions---retirement-reg.-7-14-14.pdf
Bd. of Pensions and Retirement Reg. 4-21-14.pdf,bd.-of-pensions-and-retirement-reg.-4-21-14.pdf
Benchmarking Reg_Amended for calendar year 2019_final.pdf,benchmarking-reg_amended-for-calendar-year-2019_final.pdf
Board Regulation No 1 - Proposed amendment for filing with Records Department.pdf,board-regulation-no-1---proposed-amendment-for-filing-with-records-department.pdf
Board of Building Standards Rules and Regs.pdf,board-of-building-standards-rules-and-regs.pdf
Board of Ethics 10-23-17.pdf,board-of-ethics-10-23-17.pdf
Board of Ethics Regs. 10-31-16.pdf,board-of-ethics-regs.-10-31-16.pdf
Board of Ethics-Campaign Finance 12-10-2018.pdf,board-of-ethics-campaign-finance-12-10-2018.pdf
Board of Ethics-Campaign Finance.pdf,board-of-ethics-campaign-finance.pdf
Board of Health Regulation Rescinding of Emergency Health Order - Final.pdf,board-of-health-regulation-rescinding-of-emergency-health-order---final.pdf
Board of Labor Standards Procedure Regulations - Cover Memo.pdf,board-of-labor-standards-procedure-regulations---cover-memo.pdf
Board restart PCPC Public Meeting Regulation Adopted Version.pdf,board-restart-pcpc-public-meeting-regulation-adopted-version.pdf
Building Energy Performance Regulations Approval Memo 04272021.pdf,building-energy-performance-regulations-approval-memo-04272021.pdf
Business Income and Receipts Tax Regulations.pdf,business-income-and-receipts-tax-regulations.pdf
CDO Regulations Approval Memo.pdf,cdo-regulations-approval-memo.pdf
CDO regulations 091020.pdf,cdo-regulations-091020.pdf
COP Department of Commerce Division of Aviation Amendment to Rules and Regulations for Philadelphia International Airport Related to the Customer Facility Charge.pdf,cop-department-of-commerce-division-of-aviation-amendment-to-rules-and-regulations-for-philadelphia-international-airport-related-to-the-customer-facility-charge.pdf
COVER MEMO REGULATION 1 Virtual Hearing Panel Amendment 1.16.pdf,cover-memo-regulation-1-virtual-hearing-panel-amendment-1.16.pdf
COVID Pandemic _Paid Sick Leave REGULATIONS.pdf,covid-pandemic-_paid-sick-leave-regulations.pdf
CSR 5.157 Approved by Ad Board 2.11.2022.pdf,csr-5.157-approved-by-ad-board-2.11.2022.pdf
Camping and Tents_ Section 305. 2020. 12. 16 _2021. 02. 26_.pdf,camping-and-tents_-section-305.-2020.-12.-16-_2021.-02.-26_.pdf
Camping_Ltr to Records Commiss_030221_.pdf,camping_ltr-to-records-commiss_030221_.pdf
Cashless Retail Prohibition Ordinance and Regulation Report 9.20.2019.pdf,cashless-retail-prohibition-ordinance-and-regulation-report-9.20.2019.pdf
Center City Parking Revisions December 2019.pdf,center-city-parking-revisions-december-2019.pdf
Changes for February 2023.pdf,changes-for-february-2023.pdf
Changes for February _2022.pdf,changes-for-february-_2022.pdf
Changes for June 2023.pdf,changes-for-june-2023.pdf
Changes for March 2022 Part 2.pdf,changes-for-march-2022-part-2.pdf
Changes for November 2022.pdf,changes-for-november-2022.pdf
City Planning Comm. Reg. 12 1-28-14.pdf,city-planning-comm.-reg.-12-1-28-14.pdf
City Planning Commission Regs. 5-23-16.pdf,city-planning-commission-regs.-5-23-16.pdf
City Planning Commission Regs. 6-27-16.pdf,city-planning-commission-regs.-6-27-16.pdf
City Planning Reg.pdf,city-planning-reg.pdf
Civil Service Reg.pdf,civil-service-reg.pdf
Commerce 1-1.pdf,commerce-1-1.pdf
Commerce 2-1.pdf,commerce-2-1.pdf
Commerce 3-1.pdf,commerce-3-1.pdf
Commerce 4-1.pdf,commerce-4-1.pdf
Commerce 5-1.pdf,commerce-5-1.pdf
Commerce Department - WARN Chapter 9-1500 Temporary Emergency Regulation.pdf,commerce-department---warn-chapter-9-1500-temporary-emergency-regulation.pdf
Commission on Human Relations 8-24-17.pdf,commission-on-human-relations-8-24-17.pdf
Commissioner Memo for Compliance Filing_FY24 and FY25.pdf,commissioner-memo-for-compliance-filing_fy24-and-fy25.pdf
Construction Permit Extension Reg Approval Letter.pdf,construction-permit-extension-reg-approval-letter.pdf
Construction permits extension regulation.pdf,construction-permits-extension-regulation.pdf
Continuing Education Credits Approval Memo.pdf,continuing-education-credits-approval-memo.pdf
Contractor Continuing Education Credits.pdf,contractor-continuing-education-credits.pdf
Cover Page.pdf,cover-page.pdf
Cover memo LI reg- 2020.09.08.pdf,cover-memo-li-reg--2020.09.08.pdf
Cover memo Procurement Micro Purchasing etc regs.pdf,cover-memo-procurement-micro-purchasing-etc-regs.pdf
Cover memo-Procurement Micro Purchasing etc.- regs.pdf,cover-memo-procurement-micro-purchasing-etc.--regs.pdf
Cover memo_Amend Fourth Consolidated COVID Reg.pdf,cover-memo_amend-fourth-consolidated-covid-reg.pdf
Cover memo_LI Permit Amends.pdf,cover-memo_li-permit-amends.pdf
Cremation Permit Regulation_Final.pdf,cremation-permit-regulation_final.pdf
Customer Rights and Obligations 12-31-18.pdf,customer-rights-and-obligations-12-31-18.pdf
DPD Reg Approval Letter 3.19.2020.pdf,dpd-reg-approval-letter-3.19.2020.pdf
DWCH to Leonard 20200615 transmittal - 2022 Special Rate Proceeding Rate Determination.pdf,dwch-to-leonard-20200615-transmittal---2022-special-rate-proceeding-rate-determination.pdf
DWCH to Leonard 20200615 transmittal - 2022 TAP-R Reconciliation Proceeding Rate Determination.pdf,dwch-to-leonard-20200615-transmittal---2022-tap-r-reconciliation-proceeding-rate-determination.pdf
DWCH to Leonard 20230621 transmittal - 2023 TAP-R Reconciliation Proceeding Rate Determination.pdf,dwch-to-leonard-20230621-transmittal---2023-tap-r-reconciliation-proceeding-rate-determination.pdf
DWCH to Leonard 20230621 transmittal_2023 General Rate Proceeding Rate Determination.pdf,dwch-to-leonard-20230621-transmittal_2023-general-rate-proceeding-rate-determination.pdf
"DWCH to Popowsky 20210908 _approving amendment to regulations of Philadelphia Water, Sewer and Storm Water Rate Board.pdf",dwch-to-popowsky-20210908-_approving-amendment-to-regulations-of-philadelphia-water--sewer-and-storm-water-rate-board.pdf
"DWCH to Popowsky 20211105 filed with Records_ 20211105 approving amended regulation of Water, Sewer and Storm Water Rate Board.pdf",dwch-to-popowsky-20211105-filed-with-records_-20211105-approving-amended-regulation-of-water--sewer-and-storm-water-rate-board.pdf
DWCH to Popowsky 20220615 approving 2022 Special Rate Proceeding Rate Determination.pdf,dwch-to-popowsky-20220615-approving-2022-special-rate-proceeding-rate-determination.pdf
DWCH to Popowsky 20220615 approving 2022 TAP-R Reconciliation Proceeding Rate Determination.pdf,dwch-to-popowsky-20220615-approving-2022-tap-r-reconciliation-proceeding-rate-determination.pdf
"DWCH to Popowsky 20221109 approving amended regulations of Water, Sewer and Storm Water Rate Board.pdf",dwch-to-popowsky-20221109-approving-amended-regulations-of-water--sewer-and-storm-water-rate-board.pdf
DWCH to Popowsky 20230621 approving 2023 TAP-R Reconciliation Proceeding Rate Determination.pdf,dwch-to-popowsky-20230621-approving-2023-tap-r-reconciliation-proceeding-rate-determination.pdf
DWCH to Popowsky 20230621 approving_2023 General Rate Proceeding Rate Determination.pdf,dwch-to-popowsky-20230621-approving_2023-general-rate-proceeding-rate-determination.pdf
"DWCH to Popowsky- 20221109 approving amended regulations of Water, Sewer and Storm Water Rate Board.pdf",dwch-to-popowsky--20221109-approving-amended-regulations-of-water--sewer-and-storm-water-rate-board.pdf
"DWCH to Popowsky_ 20211105 approving amended regulation of Water, Sewer and Storm Water Rate Board.pdf",dwch-to-popowsky_-20211105-approving-amended-regulation-of-water--sewer-and-storm-water-rate-board.pdf
"DWCH to Popowsky_20211105_ approving amended regulation of Water, Sewer and Storm Water Rate Board.pdf",dwch-to-popowsky_20211105_-approving-amended-regulation-of-water--sewer-and-storm-water-rate-board.pdf
"DWCH to Tann_ 20220124 amended and restated regulations of Philadelphia Water, Sewer and Storm Water Rate Board.pdf",dwch-to-tann_-20220124-amended-and-restated-regulations-of-philadelphia-water--sewer-and-storm-water-rate-board.pdf
December 2020.pdf,december-2020.pdf
December Regulation Changes.pdf,december-regulation-changes.pdf
Declaration of Extraordinary Circumstance.pdf,declaration-of-extraordinary-circumstance.pdf
Declaration of Extraordinary Circumstance[2].pdf,declaration-of-extraordinary-circumstance-2-.pdf
Declaration of Extraordinary Circumstances.pdf,declaration-of-extraordinary-circumstances.pdf
Deletion of Section 13.2 from PCPC Regulations.pdf,deletion-of-section-13.2-from-pcpc-regulations.pdf
Deletion of energy and environmental design regs Approval memo.pdf,deletion-of-energy-and-environmental-design-regs-approval-memo.pdf
Department Of Licenses and Inspections Regs. 07-22-15.pdf,department-of-licenses-and-inspections-regs.-07-22-15.pdf
Department Of Public Health-AMS Hearing Report.pdf,department-of-public-health-ams-hearing-report.pdf
Department of Commerce   Division of Aviation Regs. 01-09-17.pdf,department-of-commerce---division-of-aviation-regs.-01-09-17.pdf
Department of Commerce   Division of Aviation Regs. 04-17-17.pdf,department-of-commerce---division-of-aviation-regs.-04-17-17.pdf
Department of Commerce   Division of Aviation Regs. 08-07-17.pdf,department-of-commerce---division-of-aviation-regs.-08-07-17.pdf
Department of Commerce Regs. 11-09-15.pdf,department-of-commerce-regs.-11-09-15.pdf
"Department of Commerce, Division of Aviation Regs. 06-29-15.pdf",department-of-commerce--division-of-aviation-regs.-06-29-15.pdf
Department of L_I Regs 09-28-15 Zoning Board 9-28-15.pdf,department-of-l_i-regs-09-28-15-zoning-board-9-28-15.pdf
Department of L_I Regs 09-28-15.pdf,department-of-l_i-regs-09-28-15.pdf
Department of L_I Regs. 09-07-15.pdf,department-of-l_i-regs.-09-07-15.pdf
Department of Labor Office Regulations 6 7 2023.pdf,department-of-labor-office-regulations-6-7-2023.pdf
Department of Licenses and Inspections Regs. 01-09-17.pdf,department-of-licenses-and-inspections-regs.-01-09-17.pdf
Department of Licenses and Inspections Regs. 02-13-17.pdf,department-of-licenses-and-inspections-regs.-02-13-17.pdf
Department of Licenses and Inspections Regs. 3-11-16.pdf,department-of-licenses-and-inspections-regs.-3-11-16.pdf
Department of Parks and Recreation Regs. 3-31-17.pdf,department-of-parks-and-recreation-regs.-3-31-17.pdf
Department of Public Health 2-24-20.pdf,department-of-public-health-2-24-20.pdf
Department of Public Health Regs. 05-11-15.pdf,department-of-public-health-regs.-05-11-15.pdf
Department of Public Health Regs. 08-11-16.pdf,department-of-public-health-regs.-08-11-16.pdf
Department of Public Health Regs. 08-11-16b.pdf,department-of-public-health-regs.-08-11-16b.pdf
Department of Public Health Regs. 09-23-16.pdf,department-of-public-health-regs.-09-23-16.pdf
Department of Public Health Regs. 10-13-16.pdf.pdf,department-of-public-health-regs.-10-13-16.pdf.pdf
Department of Public Health Regs. 10-21-16.pdf,department-of-public-health-regs.-10-21-16.pdf
Department of Public Health Regs. 11-16-15.pdf,department-of-public-health-regs.-11-16-15.pdf
Department of Public Health Regs. 11-25-15.pdf,department-of-public-health-regs.-11-25-15.pdf
Department of Public Health Regs. ACR 06-22-15.pdf,department-of-public-health-regs.-acr-06-22-15.pdf
Department of Public Health Regs. NEVR 06-22-15.pdf,department-of-public-health-regs.-nevr-06-22-15.pdf
Department of Public Health Regs.7-3-17.pdf,department-of-public-health-regs.7-3-17.pdf
Department of Public Health Regulation 11-24-17.pdf,department-of-public-health-regulation-11-24-17.pdf
Department of Public Health-Drug Overdose Death Review  2-15-19.pdf,department-of-public-health-drug-overdose-death-review--2-15-19.pdf
"Department of Public Health-Immunization and Treatment of Newborns, Children and Adolescents 7-19-19.pdf",department-of-public-health-immunization-and-treatment-of-newborns--children-and-adolescents-7-19-19.pdf
Department of Public Health-Regulation Relating to Nuisance Health Establishments 7-19-19.pdf,department-of-public-health-regulation-relating-to-nuisance-health-establishments-7-19-19.pdf
Department of Revenue 9-4-18.pdf,department-of-revenue-9-4-18.pdf
Department of Revenue Business Income and Receipts Tax-Section 202 Regulation 9-3- 2019.pdf,department-of-revenue-business-income-and-receipts-tax-section-202-regulation-9-3--2019.pdf
Department of Revenue Regs. 05-23-16.pdf,department-of-revenue-regs.-05-23-16.pdf
Department of Revenue Regs. 06-15-15.pdf,department-of-revenue-regs.-06-15-15.pdf
Department of Revenue Regs. 09-10-15.pdf,department-of-revenue-regs.-09-10-15.pdf
Department of Revenue Regs. 1-19-16.pdf,department-of-revenue-regs.-1-19-16.pdf
Department of Revenue Regs. 10-11-16.pdf,department-of-revenue-regs.-10-11-16.pdf
Department of Revenue Regs. 10-13-15.pdf,department-of-revenue-regs.-10-13-15.pdf
Department of Revenue Regs. 11-14-16.pdf,department-of-revenue-regs.-11-14-16.pdf
Department of Revenue Regs. 12-05-16.pdf,department-of-revenue-regs.-12-05-16.pdf
Department of Revenue Regs. 12-19-16.pdf,department-of-revenue-regs.-12-19-16.pdf
Department of Revenue Regs. 12-29-16.pdf,department-of-revenue-regs.-12-29-16.pdf
Department of Revenue Regs. 3-09-16.pdf,department-of-revenue-regs.-3-09-16.pdf
Department of Revenue Regs. 3-20-17.pdf,department-of-revenue-regs.-3-20-17.pdf
Department of Revenue Regs. 3-27-17.pdf,department-of-revenue-regs.-3-27-17.pdf
Department of Revenue Regs. 501  1-15-16.pdf,department-of-revenue-regs.-501--1-15-16.pdf
Department of Revenue Regs. 510  1-15-16.pdf,department-of-revenue-regs.-510--1-15-16.pdf
Department of Revenue Regs. 7-31-17.pdf,department-of-revenue-regs.-7-31-17.pdf
Department of Revenue Regs.(a) 09-07-15.pdf,department-of-revenue-regs.-a--09-07-15.pdf
Department of Revenue Regs.(b) 09-07-15.pdf,department-of-revenue-regs.-b--09-07-15.pdf
Department of Revenue Regs.4-24-17.pdf,department-of-revenue-regs.4-24-17.pdf
23-04_Law Memo FW signature.pdf,23-04_law-memo-fw-signature.pdf
Department of Revenue and Philadelphia Water Department Regs. 12-15-16.pdf,department-of-revenue-and-philadelphia-water-department-regs.-12-15-16.pdf
Department of Revenue-Healthy Beverages Tax Credit 6-18-18.pdf,department-of-revenue-healthy-beverages-tax-credit-6-18-18.pdf
Department of Streets 1-11-19.pdf,department-of-streets-1-11-19.pdf
Department of Streets 11-6-17.pdf,department-of-streets-11-6-17.pdf
Department of Streets Dockless Bicycles Sharing Hearing Report.pdf,department-of-streets-dockless-bicycles-sharing-hearing-report.pdf
Department of Streets Dockless Bicycles Sharing.pdf,department-of-streets-dockless-bicycles-sharing.pdf
Department of Streets Parking Regulation Center City Revisions September 2019.pdf,department-of-streets-parking-regulation-center-city-revisions-september-2019.pdf
Department of Streets Regs. 09-08-16.pdf,department-of-streets-regs.-09-08-16.pdf
Department of Streets Regs. 12-21-15.pdf,department-of-streets-regs.-12-21-15.pdf
Department of Streets Regs. 2-18-16.pdf,department-of-streets-regs.-2-18-16.pdf
Department of Streets Regs.8-11-17.pdf,department-of-streets-regs.8-11-17.pdf
Dept of Public Health 1-3-17.pdf,dept-of-public-health-1-3-17.pdf
Dept of Public Health 10-22-18.pdf,dept-of-public-health-10-22-18.pdf
Dept of Public Health 3-5-18.pdf,dept-of-public-health-3-5-18.pdf
Dept of Public Health Air Management 7-3-17.pdf,dept-of-public-health-air-management-7-3-17.pdf
Dept of Public Health Communicable Diseases 7-3-17.pdf,dept-of-public-health-communicable-diseases-7-3-17.pdf
Dept of Public Health Filing of Amendments to Air Management Regulations Part  1.pdf,dept-of-public-health-filing-of-amendments-to-air-management-regulations-part--1.pdf
Dept of Public Health Filing of Amendments to Air Management Regulations Part  2.pdf,dept-of-public-health-filing-of-amendments-to-air-management-regulations-part--2.pdf
Dept of Public Health Filing of Amendments to Air Management Regulations Part  3.pdf,dept-of-public-health-filing-of-amendments-to-air-management-regulations-part--3.pdf
Dept of Public Health Filing of Amendments to Air Management Regulations Part  4.pdf,dept-of-public-health-filing-of-amendments-to-air-management-regulations-part--4.pdf
Dept of Public Health Filing of Amendments to Air Management Regulations-Part  1.pdf,dept-of-public-health-filing-of-amendments-to-air-management-regulations-part--1.pdf
Dept of Public Health Filing of Amendments to Air Management Regulations-Part  2.pdf,dept-of-public-health-filing-of-amendments-to-air-management-regulations-part--2.pdf
Dept of Public Health Filing of Amendments to Air Management Regulations-Part  3.pdf,dept-of-public-health-filing-of-amendments-to-air-management-regulations-part--3.pdf
Dept of Public Health Filing of Amendments to Air Management Regulations-Part  4.pdf,dept-of-public-health-filing-of-amendments-to-air-management-regulations-part--4.pdf
Dept of Public Health Water Quality 3-5-18.pdf,dept-of-public-health-water-quality-3-5-18.pdf
Dept of Revenue 10-28-16.pdf,dept-of-revenue-10-28-16.pdf
Dept of Revenue 7-31-17.pdf,dept-of-revenue-7-31-17.pdf
Dept of Revenue 9-15-17.pdf,dept-of-revenue-9-15-17.pdf
Dept of Revenue 9-5-17a.pdf,dept-of-revenue-9-5-17a.pdf
Dept of Revenue 9-5-17b.pdf,dept-of-revenue-9-5-17b.pdf
Dept of Revenue Excise Tax on Outdoor Advertising Transactions 7-22-19.pdf,dept-of-revenue-excise-tax-on-outdoor-advertising-transactions-7-22-19.pdf
Dept of Revenue Excise Tax on Outdoor Advertising Transactions.pdf,dept-of-revenue-excise-tax-on-outdoor-advertising-transactions.pdf
Dept of Revenue Real Estate Tax Regulations-Section 401  7-01-19.pdf,dept-of-revenue-real-estate-tax-regulations-section-401--7-01-19.pdf
Dept of Streets  Parking Regulations Center City Revisions November 2019.pdf,dept-of-streets--parking-regulations-center-city-revisions-november-2019.pdf
Dept of Streets 2-16-18.pdf,dept-of-streets-2-16-18.pdf
Dept of Streets Post Hearing Report.pdf,dept-of-streets-post-hearing-report.pdf
Dept. of Commerce - Avaition Reg. 4-16-14.pdf,dept.-of-commerce---avaition-reg.-4-16-14.pdf
Dept. of Commerce Emergency Regulation Approval Memo.3.31.2020.pdf,dept.-of-commerce-emergency-regulation-approval-memo.3.31.2020.pdf
Dept. of Commerce Emergency Regulation Governing Access to PHL.3.31.2020.pdf,dept.-of-commerce-emergency-regulation-governing-access-to-phl.3.31.2020.pdf
Dept. of Commerce Emergency Regulation Governing Access to PHL.effective 5.22.20.pdf,dept.-of-commerce-emergency-regulation-governing-access-to-phl.effective-5.22.20.pdf
Dept. of L & I Reg. 2-5-14.pdf,dept.-of-l---i-reg.-2-5-14.pdf
Dept. of L & I Reg. 3-24-14.pdf,dept.-of-l---i-reg.-3-24-14.pdf
Dept. of L & I Reg. 6-27-14.pdf,dept.-of-l---i-reg.-6-27-14.pdf
Dept. of Parks & Recreation Reg. 4-10-14.pdf,dept.-of-parks---recreation-reg.-4-10-14.pdf
Dept. of Parks & Recreation Reg. 6-18-14.pdf,dept.-of-parks---recreation-reg.-6-18-14.pdf
Dept. of Rev. Business Income And Receipts Tax Regs. 5-15-14 2.pdf,dept.-of-rev.-business-income-and-receipts-tax-regs.-5-15-14-2.pdf
Determination of Permit Filing Date_Regulation.pdf,determination-of-permit-filing-date_regulation.pdf
Development Tax Revenue Regulation 11-2-21.pdf,development-tax-revenue-regulation-11-2-21.pdf
Draft Joint Emergency Reg City Commissioners and Health Polling Place COVID safety.pdf,draft-joint-emergency-reg-city-commissioners-and-health-polling-place-covid-safety.pdf
EHPA Regs Report - Final Draft .pdf,ehpa-regs-report---final-draft-.pdf
EX A Final Amendment to Regulation 8 Clean Version APPROVED BY BOARD.pdf,ex-a-final-amendment-to-regulation-8-clean-version-approved-by-board.pdf
EX B Final Amendment to Regulation 8 Markup Version APPROVED BY BOARD.pdf,ex-b-final-amendment-to-regulation-8-markup-version-approved-by-board.pdf
EX C Changes to text of Regulation 8 after July 15 APPROVED BY BOARD.pdf,ex-c-changes-to-text-of-regulation-8-after-july-15-approved-by-board.pdf
Effective 10day RevenueReg Hearing Commissioner Report1-13-20.pdf,effective-10day-revenuereg-hearing-commissioner-report1-13-20.pdf
Emergency BLIR Form Rev 1.pdf,emergency-blir-form-rev-1.pdf
Emergency BLIR Form-3-18.pdf,emergency-blir-form-3-18.pdf
Emergency BOH Regulation re Fines and Penalties.pdf,emergency-boh-regulation-re-fines-and-penalties.pdf
Emergency BOH reg adopting mask order with attachments.pdf,emergency-boh-reg-adopting-mask-order-with-attachments.pdf
Emergency BOH reg adopting yellow and modified green phase orders with attachments.pdf,emergency-boh-reg-adopting-yellow-and-modified-green-phase-orders-with-attachments.pdf
Emergency BOH reg re L&I July 24 2020 reg.pdf,emergency-boh-reg-re-l-i-july-24-2020-reg.pdf
Emergency BOH reg re second mandatory reporting order.pdf,emergency-boh-reg-re-second-mandatory-reporting-order.pdf
Emergency Regulation Governing the Control of COVID-19 with Attachment A[1].pdf,emergency-regulation-governing-the-control-of-covid-19-with-attachment-a-1-.pdf
Emergency Regulation Relating to Indoor Dining Vaccine Requirement_ As Amended 1.4.2022.pdf,emergency-regulation-relating-to-indoor-dining-vaccine-requirement_-as-amended-1.4.2022.pdf
Emergency Regulation Relating to Indoor Dining Vaccine Requirement_ As Amended_1.4.2022.pdf,emergency-regulation-relating-to-indoor-dining-vaccine-requirement_-as-amended_1.4.2022.pdf
Emergency Regulations Modifying Restrictions.pdf,emergency-regulations-modifying-restrictions.pdf
Enclosure 1 -- Law Department Memo - Regulation 8 Amendment 10_22_2020.pdf,enclosure-1----law-department-memo---regulation-8-amendment-10_22_2020.pdf
Enclosure 2 -- Proposed Amendment to Regulation 8 Approved by Board for posting at Records 10-21-2020.pdf,enclosure-2----proposed-amendment-to-regulation-8-approved-by-board-for-posting-at-records-10-21-2020.pdf
Energy Efficiency and Enviro Design Regulation Approval Memo 2022-09-07.pdf,energy-efficiency-and-enviro-design-regulation-approval-memo-2022-09-07.pdf
Ethics Regs.pdf,ethics-regs.pdf
Excavation Contractor License Regulation - 2022_08_03.pdf,excavation-contractor-license-regulation---2022_08_03.pdf
Exhibit 1 - Written comments received during RCO Boundary Regulation Hearing.pdf,exhibit-1---written-comments-received-during-rco-boundary-regulation-hearing.pdf
Exhibit 2 - Transcript of PCPC RCO Boundary Regulation Hearing.pdf,exhibit-2---transcript-of-pcpc-rco-boundary-regulation-hearing.pdf
Exhibit A to AMS Reg VI__Technical Guidelines._.pdf,exhibit-a-to-ams-reg-vi__technical-guidelines._.pdf
"Exhibit A to Approval Memo, Emergency Regulations Chapter 9-4900 - Plastic Bags.pdf",exhibit-a-to-approval-memo--emergency-regulations-chapter-9-4900---plastic-bags.pdf
Exhibit A to Indoor Dining Mandate_Emergency Regulation Relating to Indoor Dining Vaccine Requirement_ As Amended_1.4.2022.pdf,exhibit-a-to-indoor-dining-mandate_emergency-regulation-relating-to-indoor-dining-vaccine-requirement_-as-amended_1.4.2022.pdf
Exhibit B to AMS Reg VI__AMR VI Risk Assessment Technical Support Document._.pdf,exhibit-b-to-ams-reg-vi__amr-vi-risk-assessment-technical-support-document._.pdf
Exhibit C to AMS Reg VI_AMR VI Risk Screening Workbook._.pdf,exhibit-c-to-ams-reg-vi_amr-vi-risk-screening-workbook._.pdf
Exhibit D to Hearing Report (Part 1 Transcript).pdf,exhibit-d-to-hearing-report--part-1-transcript-.pdf
Exhibit D to Hearing Report (Part 2 Transcript Exhibits).pdf,exhibit-d-to-hearing-report--part-2-transcript-exhibits-.pdf
FHC 9-809 Reg Attachment A....pdf,fhc-9-809-reg-attachment-a....pdf
FHC 9-809 Reg Attachment B....pdf,fhc-9-809-reg-attachment-b....pdf
FHC 9-809 Reg Attachment C....pdf,fhc-9-809-reg-attachment-c....pdf
FHC 9-809 Reg-Final 9-17-2020....pdf,fhc-9-809-reg-final-9-17-2020....pdf
FHC 9-809 Regs- Amendment Edits- 6-11-21.pdf,fhc-9-809-regs--amendment-edits--6-11-21.pdf
FHC 9-809 Regs- Amendment- Adopted 6-7-21.pdf,fhc-9-809-regs--amendment--adopted-6-7-21.pdf
FINAL_BOH 12.23.2021 Hearing Report Signed with Exhibits.pdf,final_boh-12.23.2021-hearing-report-signed-with-exhibits.pdf
FINAL_BOH Public Hearing Report on Masking Regulation Amendment_With Exhibits_Signed (2).pdf,final_boh-public-hearing-report-on-masking-regulation-amendment_with-exhibits_signed--2-.pdf
FINAL_BOH Public Hearing Report on Masking Regulation Amendment_With Exhibits_Signed.pdf,final_boh-public-hearing-report-on-masking-regulation-amendment_with-exhibits_signed.pdf
FORMAL NOTICE OF PWD PROPOSED CHANGES IN WATER WASTEWATER AND STORMWATER RATES AND CHARGES -FY 2022 - 2023_ L0988211xA35AE.pdf,formal-notice-of-pwd-proposed-changes-in-water-wastewater-and-stormwater-rates-and-charges--fy-2022---2023_-l0988211xa35ae.pdf
Facade Inspection extension regulation.pdf,facade-inspection-extension-regulation.pdf
Facade Report Extension Reg Approval Letter.pdf,facade-report-extension-reg-approval-letter.pdf
Fair Workweek entire report.pdf,fair-workweek-entire-report.pdf
Fee Reg Letter 5-27-20.pdf,fee-reg-letter-5-27-20.pdf
"Fee Schedule, July 1, 2020 with cites v2.pdf",fee-schedule--july-1--2020-with-cites-v2.pdf
Final 2022-6-16 Commissioner Report.pdf,final-2022-6-16-commissioner-report.pdf
Final AMR VI Hearing Report April 2023 w Ex 1-3.pdf,final-amr-vi-hearing-report-april-2023-w-ex-1-3.pdf
Final Draft Wage Equity Reg - final.pdf,final-draft-wage-equity-reg---final.pdf
Final Meeting Report - OOS Solar Regs 2.19.2020.pdf,final-meeting-report---oos-solar-regs-2.19.2020.pdf
Final PWD Reg Sec. 206.7 filing packet hearing report and memos.pdf,final-pwd-reg-sec.-206.7-filing-packet-hearing-report-and-memos.pdf
Final Regulation Relating to Indoor Dining Vaccine Requirement12.14.2021.pdf,final-regulation-relating-to-indoor-dining-vaccine-requirement12.14.2021.pdf
Final Regulation Relating to Indoor Dining Vaccine Requirement__12.14.2021.pdf,final-regulation-relating-to-indoor-dining-vaccine-requirement__12.14.2021.pdf
Final Third Supplemental Covid-19 Leave Regs.pdf,final-third-supplemental-covid-19-leave-regs.pdf
Final_COVID Perinatal Surveillance Regulation_12.27.2021.pdf,final_covid-perinatal-surveillance-regulation_12.27.2021.pdf
Final_Flavored Tobacco Products Regulation Rescission - With Exhibits..pdf,final_flavored-tobacco-products-regulation-rescission---with-exhibits..pdf
First Streetery Regulations  February 2022.pdf,first-streetery-regulations---february-2022.pdf
Formal Notice Annual TAP-R Adjustment Filing 06222020.pdf,formal-notice-annual-tap-r-adjustment-filing-06222020.pdf
Fourth Consolidated Regulation Governing COVID-19.pdf,fourth-consolidated-regulation-governing-covid-19.pdf
Fourth Supplemental Regulation - Delegation - approved by BOH Law.pdf,fourth-supplemental-regulation---delegation---approved-by-boh-law.pdf
Fully Executed Rates and Charges Regulation Cover Page-CFC Reduction-7.16.2020.pdf,fully-executed-rates-and-charges-regulation-cover-page-cfc-reduction-7.16.2020.pdf
Hearing Notice for OPA Regs._.pdf,hearing-notice-for-opa-regs._.pdf
Hearing Report APPROVED _12_13_21.pdf,hearing-report-approved-_12_13_21.pdf
Hearing Report for Regulation 8 APPROVED BY BOARD SIGNED.pdf,hearing-report-for-regulation-8-approved-by-board-signed.pdf
Hearing Report..pdf,hearing-report..pdf
Home Inspection License_2022 Regulation Amendment.pdf,home-inspection-license_2022-regulation-amendment.pdf
Hospital Assessments Regs. 3-24-14.pdf,hospital-assessments-regs.-3-24-14.pdf
Indoor Dining Mandate Amendment_Approved 2.24.2022.pdf,indoor-dining-mandate-amendment_approved-2.24.2022.pdf
InterRateRegAmend 3.1.21_signed.pdf,interrateregamend-3.1.21_signed.pdf
JointPolling_Places_Regulation_Commissioners_and_Health - November 2021 Final Draft -.pdf,jointpolling_places_regulation_commissioners_and_health---november-2021-final-draft--.pdf
July 2020 Update.pdf,july-2020-update.pdf
L & I Amendment to Reg A-901.7.pdf,l---i-amendment-to-reg-a-901.7.pdf
L and I Regulation Under Chapter 17 of Title 4 Subcode B 6.28.19.pdf,l-and-i-regulation-under-chapter-17-of-title-4-subcode-b-6.28.19.pdf
L and I Regulations Under Code Sections A-902.6.4 and 9-1306 6-28-19.pdf,l-and-i-regulations-under-code-sections-a-902.6.4-and-9-1306-6-28-19.pdf
L&I Regulations 2.pdf,l-i-regulations-2.pdf
AMRVImemoRecordsDept for public notice and hearing Final.pdf,amrvimemorecordsdept-for-public-notice-and-hearing-final.pdf
Amendment to Section_I-t of Regulations.pdf,amendment-to-section_i-t-of-regulations.pdf
Department of Revenue Regs.7-10-17.pdf,department-of-revenue-regs.7-10-17.pdf
LI - Affordable Housing Permit Applications Final.pdf,li---affordable-housing-permit-applications-final.pdf
LI Fee_Schedule eff Jan 1 2023.pdf,li-fee_schedule-eff-jan-1-2023.pdf
LI Permit Amendments_Hearing Report.pdf,li-permit-amendments_hearing-report.pdf
LI_Permit Amendments reg.pdf,li_permit-amendments-reg.pdf
Landscape Regulation Approval memo.pdf,landscape-regulation-approval-memo.pdf
Landscape Regulation changes.pdf,landscape-regulation-changes.pdf
Landscaping Regs 2022.10.04.pdf,landscaping-regs-2022.10.04.pdf
Law Approval Home Inspection License.pdf,law-approval-home-inspection-license.pdf
Law Department Approval of April 22 2022 Emergency Regulation Rescinding Regulation Requiring Wearing a Face Mask at PHL.pdf,law-department-approval-of-april-22-2022-emergency-regulation-rescinding-regulation-requiring-wearing-a-face-mask-at-phl.pdf
Law Department Approval of Emergency Regulation Governing Access to PHL effective 5.22.20.pdf,law-department-approval-of-emergency-regulation-governing-access-to-phl-effective-5.22.20.pdf
"Law Department Approval of May 13 Emergency Regulation Governing Access to PHL Terminal Buildings and Premises effective May 22, 2020.pdf",law-department-approval-of-may-13-emergency-regulation-governing-access-to-phl-terminal-buildings-and-premises-effective-may-22--2020.pdf
"Law Department Approval of May 8 Emergency Regulation Requiring Wearing a Mask at PHL effective May 11, 2020.pdf",law-department-approval-of-may-8-emergency-regulation-requiring-wearing-a-mask-at-phl-effective-may-11--2020.pdf
Law Dept Memo re Indoor Dining Vaccine Mandate12.15.2021.pdf,law-dept-memo-re-indoor-dining-vaccine-mandate12.15.2021.pdf
Law Dept Memo re Indoor Dining Vaccine Mandate__12.15.2021.pdf,law-dept-memo-re-indoor-dining-vaccine-mandate__12.15.2021.pdf
Law Memo - Emergency Benchmarking OOS Regs_4.9.20.pdf,law-memo---emergency-benchmarking-oos-regs_4.9.20.pdf
Law Memo 20-01 (CHR Signed).pdf,law-memo-20-01--chr-signed-.pdf
Law Memo 20-04 FINAL.pdf,law-memo-20-04-final.pdf
Law Memo 20-05 v2 SIGNED.pdf,law-memo-20-05-v2-signed.pdf
Law Memo 20-05v2 SIGNED.pdf,law-memo-20-05v2-signed.pdf
Law Memo 21-6 (signed).pdf,law-memo-21-6--signed-.pdf
Law Memo 21-6 (signed)_.pdf,law-memo-21-6--signed-_.pdf
LI Temporary Use Reg Approval Memo.pdf,li-temporary-use-reg-approval-memo.pdf
Law Memo _21-6- (signed).pdf,law-memo-_21-6---signed-.pdf
Law Memo _21-6_ (signed).pdf,law-memo-_21-6_--signed-.pdf
Law Memo for Compliance Filing_FY 24 and FY 25.pdf,law-memo-for-compliance-filing_fy-24-and-fy-25.pdf
Law Memo_ SIGNED.pdf,law-memo_-signed.pdf
Law memo signed 20-10.pdf,law-memo-signed-20-10.pdf
Law memo signed 20_10.pdf,law-memo-signed-20_10.pdf
Law memo-20-11.pdf,law-memo-20-11.pdf
Law memo-_20-11.pdf,law-memo-_20-11.pdf
Law memo_20-11.pdf,law-memo_20-11.pdf
Law memo__20-11.pdf,law-memo__20-11.pdf
Leonard Letter 7.16.2020.pdf,leonard-letter-7.16.2020.pdf
Leonard Letter 8.2.2021.pdf,leonard-letter-8.2.2021.pdf
Law Approval Memo - MDO Regulation - Right to Counsel.pdf,law-approval-memo---mdo-regulation---right-to-counsel.pdf
Letter June 1 2020.pdf,letter-june-1-2020.pdf
Licenses and Inspections 9-11-17.pdf,licenses-and-inspections-9-11-17.pdf
Licenses and Inspections Philadelphia Fire Code 10-28-19.pdf,licenses-and-inspections-philadelphia-fire-code-10-28-19.pdf
Licenses and Inspections Regs. 07-11-16.pdf,licenses-and-inspections-regs.-07-11-16.pdf
Licenses and Inspections Regs. 10-22-15.pdf,licenses-and-inspections-regs.-10-22-15.pdf
Licenses and Inspections Regs.pdf,licenses-and-inspections-regs.pdf
Licenses and Inspections Regulation-Philadelphia Property Maintenance Code 10-28-19.pdf,licenses-and-inspections-regulation-philadelphia-property-maintenance-code-10-28-19.pdf
Licenses and Inspections Regulation_Philadelphia Property Maintenance Code _10-28-19.pdf,licenses-and-inspections-regulation_philadelphia-property-maintenance-code-_10-28-19.pdf
Limited Lodging Operator and Booking Agent Regulation_Hearing Report.pdf,limited-lodging-operator-and-booking-agent-regulation_hearing-report.pdf
Limited Lodging Operator and BookingAgent_amended regulation.pdf,limited-lodging-operator-and-bookingagent_amended-regulation.pdf
Limited Lodging_Regulation.pdf,limited-lodging_regulation.pdf
MDO Approval 2021 Regulations for Temporary Sidewalk Cafes and Streetries.pdf,mdo-approval-2021-regulations-for-temporary-sidewalk-cafes-and-streetries.pdf
MDO Approval Email_Temporary Outdoor Dining Regulation_2020.08.29.pdf,mdo-approval-email_temporary-outdoor-dining-regulation_2020.08.29.pdf
MDO City of Phila Municipal Identification Card.pdf,mdo-city-of-phila-municipal-identification-card.pdf
MDO Regulation - Right to Counsel.pdf,mdo-regulation---right-to-counsel.pdf
MDO memo_emergency regulation delaying enforcement plastic bag ban.pdf,mdo-memo_emergency-regulation-delaying-enforcement-plastic-bag-ban.pdf
MIN Overlay waiver Regulation_ Approval memo.pdf,min-overlay-waiver-regulation_-approval-memo.pdf
MIN Overlay waiver Regulation__ Approval Memo.pdf,min-overlay-waiver-regulation__-approval-memo.pdf
MIN Waiver Regulation- changes.pdf,min-waiver-regulation--changes.pdf
MIN Waiver Regulation_ changes corrected.pdf,min-waiver-regulation_-changes-corrected.pdf
Managing Director Regulation 3-22-23.pdf,managing-director-regulation-3-22-23.pdf
Managing Directors Office Regs. 05-16-16.pdf,managing-directors-office-regs.-05-16-16.pdf
Managing Directors Office Regs. 11-07-16.pdf,managing-directors-office-regs.-11-07-16.pdf
Managing Directors Office-Towing Regulation 5-14-18.pdf,managing-directors-office-towing-regulation-5-14-18.pdf
Managing Directors Office-Towing Regulation 6-17-19.pdf,managing-directors-office-towing-regulation-6-17-19.pdf
Managing Directors Regulation 2-21-20.pdf,managing-directors-regulation-2-21-20.pdf
"May 13 Emergency Regulation Governing Access to PHL Terminal Buildings and Premises effective May 22, 2020.pdf",may-13-emergency-regulation-governing-access-to-phl-terminal-buildings-and-premises-effective-may-22--2020.pdf
Law Memo _21-6 (signed).pdf,law-memo-_21-6--signed-.pdf
"May 8 Emergency Regulation Requiring Wearing a Face Mask at PHL effective May 11, 2020.pdf",may-8-emergency-regulation-requiring-wearing-a-face-mask-at-phl-effective-may-11--2020.pdf
Mayor_Approval.pdf,mayor_approval.pdf
Mem to Ott Lovell- 2021. 02. 26.pdf,mem-to-ott-lovell--2021.-02.-26.pdf
Memo - Plastic Bag Regulation.pdf,memo---plastic-bag-regulation.pdf
Memo - approving Notary Affidavit regulations_07.12.22.pdf,memo---approving-notary-affidavit-regulations_07.12.22.pdf
Memo 02.18.21.pdf,memo-02.18.21.pdf
Memo Records Dept re COVID Perinatal Surveillance Regulation 12 28 21 signed.pdf,memo-records-dept-re-covid-perinatal-surveillance-regulation-12-28-21-signed.pdf
Memo to Records - MDO Regulation - Right to Counsel - TA signed.pdf,memo-to-records---mdo-regulation---right-to-counsel---ta-signed.pdf
Memo to Records Department_Polling Places Regulation November 2021.pdf,memo-to-records-department_polling-places-regulation-november-2021.pdf
Memo to Records Dept_Amendment to Reporting Regs_Mpox and MIS.pdf,memo-to-records-dept_amendment-to-reporting-regs_mpox-and-mis.pdf
Memo to Records Dept_Cremation Permit Regulation.pdf,memo-to-records-dept_cremation-permit-regulation.pdf
Memo to Records Dept_Flavored Tobacco Products Regulation Rescission..pdf,memo-to-records-dept_flavored-tobacco-products-regulation-rescission..pdf
Memo to Records Dept_Regulation Relating to Firearm Injury Data Collection.pdf,memo-to-records-dept_regulation-relating-to-firearm-injury-data-collection.pdf
Memo to Records-Amendment to Fourth Consolidated COVID Masking Regulation.pdf,memo-to-records-amendment-to-fourth-consolidated-covid-masking-regulation.pdf
Memo to Records_2nd Amendment to Reg Governing COVID-19 re Healthcare and Higher Ed signed 10 19 22.pdf,memo-to-records_2nd-amendment-to-reg-governing-covid-19-re-healthcare-and-higher-ed-signed-10-19-22.pdf
Memo to Records_Amend to Reg Governing Non-Communicable Disease re Acute Flaccid Myelitis signed 10 19 22.pdf,memo-to-records_amend-to-reg-governing-non-communicable-disease-re-acute-flaccid-myelitis-signed-10-19-22.pdf
Memo to Records_Amendment to Emergency Regulations Governing Healthcare and Higher Education signed 8 5 22.pdf,memo-to-records_amendment-to-emergency-regulations-governing-healthcare-and-higher-education-signed-8-5-22.pdf
Law Approval Memo_Temporary Outdoor Dining Regulation_2020.08.25.pdf,law-approval-memo_temporary-outdoor-dining-regulation_2020.08.25.pdf
Memo to Records_Amendment to Reporting Regulations re Severe Maternal Morbidity signed 1 17 23.pdf,memo-to-records_amendment-to-reporting-regulations-re-severe-maternal-morbidity-signed-1-17-23.pdf
Memo to Records_Amendment to Third Consolidated COVID-19 Emergency Regulation signed.pdf,memo-to-records_amendment-to-third-consolidated-covid-19-emergency-regulation-signed.pdf
Memo to Records_Blood Lead Level Children Regulation signed 2 25 22.pdf,memo-to-records_blood-lead-level-children-regulation-signed-2-25-22.pdf
Memo to Records_Emergency Indoor Dining Mandate Regulation Amendment signed 2 25 22.pdf,memo-to-records_emergency-indoor-dining-mandate-regulation-amendment-signed-2-25-22.pdf
Memo to Records_Fourth Consolidated Reg Governing COVID-19 signed 10 19 22.pdf,memo-to-records_fourth-consolidated-reg-governing-covid-19-signed-10-19-22.pdf
Memo to Records_Regulation Relating to Surveillance of Severe Maternal Morbidity signed 1 17 23.pdf,memo-to-records_regulation-relating-to-surveillance-of-severe-maternal-morbidity-signed-1-17-23.pdf
Memo to Records_Third Amend COVID Vaccine Regulation.pdf,memo-to-records_third-amend-covid-vaccine-regulation.pdf
Memo to Records_Third Consolidated COVID-19 Emergency Regulation signed 2 25 22.pdf,memo-to-records_third-consolidated-covid-19-emergency-regulation-signed-2-25-22.pdf
Memo-FY2024 Rates and Charges Regulation-7.24.2023.pdf,memo-fy2024-rates-and-charges-regulation-7.24.2023.pdf
Mobile Food Vending - Private Property Reg.pdf,mobile-food-vending---private-property-reg.pdf
Mobile Food Vending-Transmittal.pdf,mobile-food-vending-transmittal.pdf
Mobile Fueling License- Regulations.pdf,mobile-fueling-license--regulations.pdf
Monkeypox reporting amendment_FINAL.pdf,monkeypox-reporting-amendment_final.pdf
May 18 Election Joint Regulation.pdf,may-18-election-joint-regulation.pdf
Newsstand Regs Final for Approval Letter Rev 3.31.2021.pdf,newsstand-regs-final-for-approval-letter-rev-3.31.2021.pdf
Northeast.pdf,northeast.pdf
Northwest.pdf,northwest.pdf
OHR REG 10-15-18.pdf,ohr-reg-10-15-18.pdf
OOS-BEPP Amended Regulations 04232021.pdf,oos-bepp-amended-regulations-04232021.pdf
NOTICE OF VIRTUAL PUBLIC MEETING-.pdf,notice-of-virtual-public-meeting-.pdf
OPA Report for Public Hearing Held January 14.2022 with exhibits.pdf,opa-report-for-public-hearing-held-january-14.2022-with-exhibits.pdf
October Changes 2022.pdf,october-changes-2022.pdf
Office Of Human Resources Amendments 6-11-18.pdf,office-of-human-resources-amendments-6-11-18.pdf
Office of Administrative Review 12-8-17.pdf,office-of-administrative-review-12-8-17.pdf
Office of Administrative Review Regs. 03-23-15.pdf,office-of-administrative-review-regs.-03-23-15.pdf
Office of Human Resources 01.14.19.pdf,office-of-human-resources-01.14.19.pdf
Office of Human Resources 1.14.19.pdf,office-of-human-resources-1.14.19.pdf
Office of Human Resources 10-02-17.pdf,office-of-human-resources-10-02-17.pdf
Office of Human Resources 11-13-18.pdf,office-of-human-resources-11-13-18.pdf
Office of Human Resources 11-6-17.pdf,office-of-human-resources-11-6-17.pdf
Office of Human Resources 4-09-18.pdf,office-of-human-resources-4-09-18.pdf
Office of Human Resources 7-9-18.pdf,office-of-human-resources-7-9-18.pdf
Office of Human Resources 9-5-17.pdf,office-of-human-resources-9-5-17.pdf
Office of Human Resources Appointment Rate 3-9-18.pdf,office-of-human-resources-appointment-rate-3-9-18.pdf
Office of Human Resources Reg 6 Pay Plan.pdf,office-of-human-resources-reg-6-pay-plan.pdf
Office of Human Resources Reg 6-Pay Plan 3-12-18.pdf,office-of-human-resources-reg-6-pay-plan-3-12-18.pdf
Office of Human Resources Reg. 1-21-14.pdf,office-of-human-resources-reg.-1-21-14.pdf
Office of Human Resources Reg. 4-28-14.pdf,office-of-human-resources-reg.-4-28-14.pdf
Office of Human Resources Reg. 6-30-14.pdf,office-of-human-resources-reg.-6-30-14.pdf
Office of Human Resources Regs 1. 05-09-16.pdf,office-of-human-resources-regs-1.-05-09-16.pdf
Office of Human Resources Regs 2. 05-09-16.pdf,office-of-human-resources-regs-2.-05-09-16.pdf
Office of Human Resources Regs. (A) 1-19-16.pdf,office-of-human-resources-regs.--a--1-19-16.pdf
Office of Human Resources Regs. (B) 1-19-16.pdf,office-of-human-resources-regs.--b--1-19-16.pdf
Office of Human Resources Regs. (C) 1-19-16.pdf,office-of-human-resources-regs.--c--1-19-16.pdf
Office of Human Resources Regs. 03-30-15.pdf,office-of-human-resources-regs.-03-30-15.pdf
Office of Human Resources Regs. 05-26-15.pdf,office-of-human-resources-regs.-05-26-15.pdf
Office of Human Resources Regs. 06-06-16.pdf,office-of-human-resources-regs.-06-06-16.pdf
Office of Human Resources Regs. 07-05-16.pdf,office-of-human-resources-regs.-07-05-16.pdf
Office of Human Resources Regs. 08-08-16.pdf,office-of-human-resources-regs.-08-08-16.pdf
Office of Human Resources Regs. 09-06-16.pdf,office-of-human-resources-regs.-09-06-16.pdf
Office of Human Resources Regs. 11-07-16.pdf,office-of-human-resources-regs.-11-07-16.pdf
Office of Human Resources Regs. 2-06-17 (2).pdf,office-of-human-resources-regs.-2-06-17--2-.pdf
Office of Human Resources Regs. 2-06-17.pdf,office-of-human-resources-regs.-2-06-17.pdf
Office of Human Resources Regs. 3-06-17.pdf,office-of-human-resources-regs.-3-06-17.pdf
Office of Human Resources Regs. 3-07-16.pdf,office-of-human-resources-regs.-3-07-16.pdf
Office of Human Resources Regs. 5-08-17.pdf,office-of-human-resources-regs.-5-08-17.pdf
Office of Human Resources Regs. 6-05-17.pdf,office-of-human-resources-regs.-6-05-17.pdf
Office of Human Resources Regs. 7-03-17.pdf,office-of-human-resources-regs.-7-03-17.pdf
Office of Human Resources Regs. Police Bomb Squad 11-07-16.pdf,office-of-human-resources-regs.-police-bomb-squad-11-07-16.pdf
Memo to Records_Amendment to Regulations Governing Communicable Diseases Related to Monkeypox.pdf,memo-to-records_amendment-to-regulations-governing-communicable-diseases-related-to-monkeypox.pdf
Office of Human Resources Regulation  3-11-19.pdf,office-of-human-resources-regulation--3-11-19.pdf
Office of Human Resources Regulation 5.158 3-11-19.pdf,office-of-human-resources-regulation-5.158-3-11-19.pdf
Office of Human Resources Regulation 5.158 and 6.116-A 10-15-19.pdf,office-of-human-resources-regulation-5.158-and-6.116-a-10-15-19.pdf
Office of Human Resources Regs.2 5-08-17.pdf,office-of-human-resources-regs.2-5-08-17.pdf
Office of Human Resources Regulation 6.31 and 9.028 10-15-19.pdf,office-of-human-resources-regulation-6.31-and-9.028-10-15-19.pdf
Office of Human Resources Regulation 8-13-18.pdf,office-of-human-resources-regulation-8-13-18.pdf
Office of Human Resources_1-2-2018.pdf,office-of-human-resources_1-2-2018.pdf
Open Permit application extension regulation.pdf,open-permit-application-extension-regulation.pdf
PCHR Regulation No. 8 Cash Payments in Retail Establishments eff. 10.1.2019.pdf,pchr-regulation-no.-8-cash-payments-in-retail-establishments-eff.-10.1.2019.pdf
PCHR Transgender Discrimination Regulations 2022_06_09.pdf,pchr-transgender-discrimination-regulations-2022_06_09.pdf
PCPC 2021 regs extension Approval memo.pdf,pcpc-2021-regs-extension-approval-memo.pdf
PCPC 2021 regs extension.pdf,pcpc-2021-regs-extension.pdf
PCPC Earth Moving Regulation approval memo.pdf,pcpc-earth-moving-regulation-approval-memo.pdf
OPA Regulations on DIT Improvements 03172021.pdf,opa-regulations-on-dit-improvements-03172021.pdf
PCPC Regulation Amendment - Earth Moving Plan Submission Requirements - Final for PCPC (1).pdf,pcpc-regulation-amendment---earth-moving-plan-submission-requirements---final-for-pcpc--1-.pdf
PCPC ZBA Restart regs extension Approval memo.pdf,pcpc-zba-restart-regs-extension-approval-memo.pdf
PCPC Heliport Hazard Map Regulation Approval memo.pdf,pcpc-heliport-hazard-map-regulation-approval-memo.pdf
PCPC public meeting and notice Approval memo.pdf,pcpc-public-meeting-and-notice-approval-memo.pdf
PGC Approval Memo for COVID-19.pdf,pgc-approval-memo-for-covid-19.pdf
PHC  2021 Reg on Postponements Approval memo.pdf,phc--2021-reg-on-postponements-approval-memo.pdf
PHC RR Section 5-16 3-12-2021_101667.pdf,phc-rr-section-5-16-3-12-2021_101667.pdf
PHILADELPHIA CITY PLANNING COMMISSION__Approval memo.pdf,philadelphia-city-planning-commission__approval-memo.pdf
PHL Revised rates.pdf,phl-revised-rates.pdf
PHL-Revised Rates and Charges Regulating Filing 1-9-17.pdf,phl-revised-rates-and-charges-regulating-filing-1-9-17.pdf
PHL-Revised Rates and Charges Regulating Filing 7-13-18.pdf,phl-revised-rates-and-charges-regulating-filing-7-13-18.pdf
PHL-Rules and Regs Amendment__CFC Move to Section 10-5.27.2022.pdf,phl-rules-and-regs-amendment__cfc-move-to-section-10-5.27.2022.pdf
PMIS reg _ approved by BOH Law.pdf,pmis-reg-_-approved-by-boh-law.pdf
PPR 2023 Regulations.pdf,ppr-2023-regulations.pdf
"PWD - 2023 RATES - FORMAL NOTICE OF PWD PROPOSED CHANGES IN WATER, WASTEWATER, AND STORMWATER RATES AND CHARGES.pdf",pwd---2023-rates---formal-notice-of-pwd-proposed-changes-in-water--wastewater--and-stormwater-rates-and-charges.pdf
PWD - FY2023 SPECIAL PROCEEDING - FORMAL NOTICE.pdf,pwd---fy2023-special-proceeding---formal-notice.pdf
PWD - FY2023 TAP-R - FORMAL NOTICE FINAL.pdf,pwd---fy2023-tap-r---formal-notice-final.pdf
PWD Rates and Charges Effective 10.1.2020 Filed with Records 9.2.2020 (003).pdf,pwd-rates-and-charges-effective-10.1.2020-filed-with-records-9.2.2020--003-.pdf
PWD Rates and Charges Effective Sept 1 2022.pdf,pwd-rates-and-charges-effective-sept-1-2022.pdf
"PWD Rates and Charges beginning Sept 1, 2021.pdf",pwd-rates-and-charges-beginning-sept-1--2021.pdf
PWD Regs Amendment Ch. 1 Section 100.10_5.26.22.pdf,pwd-regs-amendment-ch.-1-section-100.10_5.26.22.pdf
PWD Regulations Chapter 4- 400.2 and 403 Amendments__1.6.2022.pdf,pwd-regulations-chapter-4--400.2-and-403-amendments__1.6.2022.pdf
PWD Regulations Chapter 4-400.2 and 403 Amendments__1.6.2022.pdf,pwd-regulations-chapter-4-400.2-and-403-amendments__1.6.2022.pdf
PWD Regulations Chapter 4; 400.2 and 403 Amendments 6.16.22_CLEAN.pdf,pwd-regulations-chapter-4--400.2-and-403-amendments-6.16.22_clean.pdf
PWD Regulations Chapter 4; 400.2 and 403 Amendments_6.16.22_CLEAN.pdf,pwd-regulations-chapter-4--400.2-and-403-amendments_6.16.22_clean.pdf
PWD Regulations Chapter 5 Amendments 7.27.21.pdf,pwd-regulations-chapter-5-amendments-7.27.21.pdf
PWD Water Dept Reg 12-2-19.pdf,pwd-water-dept-reg-12-2-19.pdf
PWD_ FY 2024 and FY 2025 Final Rates and Charges Combined.pdf,pwd_-fy-2024-and-fy-2025-final-rates-and-charges-combined.pdf
PWD_Regulations_Rev. 2-7-14.pdf,pwd_regulations_rev.-2-7-14.pdf
PWD_TAP-R Formal Filing_4.14.21.pdf,pwd_tap-r-formal-filing_4.14.21.pdf
Parks & Recreation Regulation.pdf,parks---recreation-regulation.pdf
Parks and Recreation Regs. 06-20-16.pdf,parks-and-recreation-regs.-06-20-16.pdf
Parks and Recreation Regs. 08-15-16.pdf,parks-and-recreation-regs.-08-15-16.pdf
Parks and Recreation Regulations Governing Monument Parcel.pdf,parks-and-recreation-regulations-governing-monument-parcel.pdf
Permit Application Extension Reg Approval Letter.pdf,permit-application-extension-reg-approval-letter.pdf
Permit Filing Date_Regulations.pdf,permit-filing-date_regulations.pdf
Phila Water Dept Amendment Regulation-Chapter 2 Assistance Program.pdf,phila-water-dept-amendment-regulation-chapter-2-assistance-program.pdf
Philadelphia Board of Ethics Regulation No. 9_Lobbying_1.pdf,philadelphia-board-of-ethics-regulation-no.-9_lobbying_1.pdf
Philadelphia Board of Ethics Regulation No. 9_Lobbying_2.pdf,philadelphia-board-of-ethics-regulation-no.-9_lobbying_2.pdf
Philadelphia Board of Ethics Regulation No. 9_Lobbying_3.pdf,philadelphia-board-of-ethics-regulation-no.-9_lobbying_3.pdf
Philadelphia Board of Ethics Regulation No. 9_Lobbying_4.pdf,philadelphia-board-of-ethics-regulation-no.-9_lobbying_4.pdf
Philadelphia School Income Tax Regs.pdf,philadelphia-school-income-tax-regs.pdf
Philadelphia Water Department  Regs. 01-13-17.pdf,philadelphia-water-department--regs.-01-13-17.pdf
Philadelphia Water Department  Regs.pdf,philadelphia-water-department--regs.pdf
Philadelphia Water Department 9-5-17.pdf,philadelphia-water-department-9-5-17.pdf
Philadelphia Water Department Regs 6-30-17.pdf,philadelphia-water-department-regs-6-30-17.pdf
Philadelphia Water Department Regs. 01-14-16.pdf,philadelphia-water-department-regs.-01-14-16.pdf
Philadelphia Water Department Regs. 06-22-15.pdf,philadelphia-water-department-regs.-06-22-15.pdf
Philadelphia Water Department Regs. 07-10-15.pdf,philadelphia-water-department-regs.-07-10-15.pdf
Philadelphia Water Department Regs. 09-29-16.pdf,philadelphia-water-department-regs.-09-29-16.pdf
Philadelphia Water Department Regs. 5-05-16.pdf,philadelphia-water-department-regs.-5-05-16.pdf
Philadelphia Water Department Regs.6-5-17.pdf,philadelphia-water-department-regs.6-5-17.pdf
Letter to Commissioner Leonard 12-22-20 Signed.pdf,letter-to-commissioner-leonard-12-22-20-signed.pdf
Philadelphia Water Sewer and Storm Water Board.pdf,philadelphia-water-sewer-and-storm-water-board.pdf
"Philadelphia Water, Sewer, and Storm Water Board Regs. (Final) 12-14-15.pdf",philadelphia-water--sewer--and-storm-water-board-regs.--final--12-14-15.pdf
"Philadelphia Water, Sewer, and Storm Water Board.pdf",philadelphia-water--sewer--and-storm-water-board.pdf
PCPC ZBA Restart regs extension Rev 2[71309].pdf,pcpc-zba-restart-regs-extension-rev-2-71309-.pdf
Popowsky to Blay 20221109 attaching amended Regulations_ I_l.1 and II.B.7of Phila Water Sewer and Storm Water Rate Board.pdf,popowsky-to-blay-20221109-attaching-amended-regulations_-i_l.1-and-ii.b.7of-phila-water-sewer-and-storm-water-rate-board.pdf
"Popowsky to Leonard 20210908 _attaching amendment to Regulation I-t of Philadelphia Water, Sewer and Storm Water Rate Board.pdf",popowsky-to-leonard-20210908-_attaching-amendment-to-regulation-i-t-of-philadelphia-water--sewer-and-storm-water-rate-board.pdf
Popowsky to Leonard 20220615 transmitting 2022 Special Rate Proceeding Rate Determination for filing.pdf,popowsky-to-leonard-20220615-transmitting-2022-special-rate-proceeding-rate-determination-for-filing.pdf
Popowsky to Leonard 20220615 transmitting 2022 TAP-R Reconciliation Proceeding Rate Determination for filing.pdf,popowsky-to-leonard-20220615-transmitting-2022-tap-r-reconciliation-proceeding-rate-determination-for-filing.pdf
Popowsky to Leonard 20230621 transmitting 2023 TAP-R Reconciliation Proceeding Rate Determination for filing.pdf,popowsky-to-leonard-20230621-transmitting-2023-tap-r-reconciliation-proceeding-rate-determination-for-filing.pdf
Popowsky to Leonard 20230621 transmitting_2023 General Rate Proceeding Rate Determination for filing.pdf,popowsky-to-leonard-20230621-transmitting_2023-general-rate-proceeding-rate-determination-for-filing.pdf
"Popowsky to Tann_ 20211105 amended Regulation I-t of Phila Water, Sewer and Storm Water Rate Board.pdf",popowsky-to-tann_-20211105-amended-regulation-i-t-of-phila-water--sewer-and-storm-water-rate-board.pdf
Popowsky to Tann_ 20211105 attaching amended Regulation I-t of Phila Water Sewer and Storm Water Rate Board.pdf,popowsky-to-tann_-20211105-attaching-amended-regulation-i-t-of-phila-water-sewer-and-storm-water-rate-board.pdf
Popowsky to Blay 20221109 attaching amended Regulations I_l.1 and II.B.7of Phila Water Sewer and Storm Water Rate Board.pdf,popowsky-to-blay-20221109-attaching-amended-regulations-i_l.1-and-ii.b.7of-phila-water-sewer-and-storm-water-rate-board.pdf
Postponed Tax Filing Date - DPC Signed.pdf,postponed-tax-filing-date---dpc-signed.pdf
Procurement Department 2-2-18.pdf,procurement-department-2-2-18.pdf
Procurement Department Bidding 8-23-17.pdf,procurement-department-bidding-8-23-17.pdf
Procurement Department Regs.7-26-17a.pdf,procurement-department-regs.7-26-17a.pdf
Procurement Small Purchase Regulations executed.pdf,procurement-small-purchase-regulations-executed.pdf
Professional Services Small Purchase Regulations Public Hearing Report and Final Regulations_7.17.20.pdf,professional-services-small-purchase-regulations-public-hearing-report-and-final-regulations_7.17.20.pdf
Property Maintenance Code Regulation Rescission - 12-03-2021.pdf,property-maintenance-code-regulation-rescission---12-03-2021.pdf
Proposed Amendment to Regulation 8 - For posting at Records Dept. 06-29-2020.pdf,proposed-amendment-to-regulation-8---for-posting-at-records-dept.-06-29-2020.pdf
Proposed Changes 1-27-2020.pdf,proposed-changes-1-27-2020.pdf
Proposed Changes for January 2022.pdf,proposed-changes-for-january-2022.pdf
Proposed Marijuana Regulations for Public Comment 7-12-23 .pdf,proposed-marijuana-regulations-for-public-comment-7-12-23-.pdf
Proposed Regulation - Notary Affidavit_7.12.2022.pdf,proposed-regulation---notary-affidavit_7.12.2022.pdf
Proposed Tangled Title Regulation - approved by Records 2022_06_02.pdf,proposed-tangled-title-regulation---approved-by-records-2022_06_02.pdf
Public Hearing Notice_Limited Lodging Regulations.pdf,public-hearing-notice_limited-lodging-regulations.pdf
Public Hearing and Revised Regulation Relating to Tobacco Retailing.pdf,public-hearing-and-revised-regulation-relating-to-tobacco-retailing.pdf
Public health Regulation 10-15-19.pdf,public-health-regulation-10-15-19.pdf
RCO Boundary Regulation hearing materials and Report.pdf,rco-boundary-regulation-hearing-materials-and-report.pdf
Rat Abatement Regulations - 2022_09_16.pdf,rat-abatement-regulations---2022_09_16.pdf
Rate Determination - 2022 Special Rate Proceeding - 20220615.pdf,rate-determination---2022-special-rate-proceeding---20220615.pdf
Office of Human Resources Regulation 5.158.pdf,office-of-human-resources-regulation-5.158.pdf
Rate Regulation FY2024-7.24.2023 with cover.pdf,rate-regulation-fy2024-7.24.2023-with-cover.pdf
Rate Regulation_ _FY2023-Final-6.15.2022.pdf,rate-regulation_-_fy2023-final-6.15.2022.pdf
Rate_Regulation-FY2023_7.25.2022_fully signed.pdf,rate_regulation-fy2023_7.25.2022_fully-signed.pdf
Rate_Regulation_FY2023-7.25.2022-fully signed.pdf,rate_regulation_fy2023-7.25.2022-fully-signed.pdf
Rate Determination - 2022 TAP-R Reconciliation Proceeding - 20220615.pdf,rate-determination---2022-tap-r-reconciliation-proceeding---20220615.pdf
Rates & Charges.pdf,rates---charges.pdf
Rates and Charges Regulation-CFC Reduction-7.9.2020.pdf,rates-and-charges-regulation-cfc-reduction-7.9.2020.pdf
Real Estate Tax  Regulation Section 501 8-31-18.pdf,real-estate-tax--regulation-section-501-8-31-18.pdf
Real Estate Tax Regulation Section 407 8-31-18.pdf,real-estate-tax-regulation-section-407-8-31-18.pdf
Philadelphia Water Dept 1-3-17.pdf,philadelphia-water-dept-1-3-17.pdf
Rates & Charges 2.pdf,rates---charges-2.pdf
Records 2.pdf,records-2.pdf
Records 4.pdf,records-4.pdf
Records 6.pdf,records-6.pdf
Records 7.pdf,records-7.pdf
Records 1.pdf,records-1.pdf
Records Cover Memo - Excavation Contractor License Regulation - 2022_08_03.pdf,records-cover-memo---excavation-contractor-license-regulation---2022_08_03.pdf
Records Cover Memo - Landscaping Regulation - 2022_10_04.pdf,records-cover-memo---landscaping-regulation---2022_10_04.pdf
Records Cover Memo - Marijuana Regulation 7-12-23.pdf,records-cover-memo---marijuana-regulation-7-12-23.pdf
Records Cover Memo - PGW Procurement Regulation.pdf,records-cover-memo---pgw-procurement-regulation.pdf
Records Cover Memo - Rat Abatement Regulation - 2022_09_16.pdf,records-cover-memo---rat-abatement-regulation---2022_09_16.pdf
Records Cover Memo - Special Inspections Regulation - 2022_08_03.pdf,records-cover-memo---special-inspections-regulation---2022_08_03.pdf
"Popowsky to Tann_20211105_ amended Regulation I-t of Phila Water, Sewer and Storm Water Rate Board.pdf",popowsky-to-tann_20211105_-amended-regulation-i-t-of-phila-water--sewer-and-storm-water-rate-board.pdf
Records Cover Memo - Transgender Discrimination Regulations 2022_06_09.pdf,records-cover-memo---transgender-discrimination-regulations-2022_06_09.pdf
Records Cover Memo - Transparency in Business Regulations.pdf,records-cover-memo---transparency-in-business-regulations.pdf
Records Transmittal Contractor Continuing Education.pdf,records-transmittal-contractor-continuing-education.pdf
Records Transmittal Excavation Contractor License.pdf,records-transmittal-excavation-contractor-license.pdf
Records Bd. of Ethics Regulations.pdf,records-bd.-of-ethics-regulations.pdf
Records Transmittal Permit and License Fee Increase.pdf,records-transmittal-permit-and-license-fee-increase.pdf
Records Transmittal SVN.pdf,records-transmittal-svn.pdf
Records Transmittal Limited Lodging Hearing Report.pdf,records-transmittal-limited-lodging-hearing-report.pdf
Records Transmittal Temp Use Extension.pdf,records-transmittal-temp-use-extension.pdf
Records 3.pdf,records-3.pdf
Records Transmittal-Mobile Fueling License.pdf,records-transmittal-mobile-fueling-license.pdf
Records Transmittal_Home Inspection License.pdf,records-transmittal_home-inspection-license.pdf
Records Transmittal_Permit Amendments.pdf,records-transmittal_permit-amendments.pdf
Records Transmittal_Permit Filing Date.pdf,records-transmittal_permit-filing-date.pdf
Records Transmittal_Rat Abatement.pdf,records-transmittal_rat-abatement.pdf
Reg 1 - Emergency BOH reg adopting yellow phase order with Attachment A.pdf,reg-1---emergency-boh-reg-adopting-yellow-phase-order-with-attachment-a.pdf
Reg 2 - Approval Memo 2020-10-29.pdf,reg-2---approval-memo-2020-10-29.pdf
Reg 2- Emergency BOH reg adopting mandatory reporting order with Attachment A.pdf,reg-2--emergency-boh-reg-adopting-mandatory-reporting-order-with-attachment-a.pdf
Reg 3 - Approval Memo 2020.10.29.pdf,reg-3---approval-memo-2020.10.29.pdf
Regs. Office of Human Services.pdf,regs.-office-of-human-services.pdf
Regulation 1 -- Memo to Records Department 09_24_20.pdf,regulation-1----memo-to-records-department-09_24_20.pdf
Regulation 3 - Memo to Records-10_29_21 attachments.pdf,regulation-3---memo-to-records-10_29_21-attachments.pdf
Regulation 5 Classification Plan 4-08-19.pdf,regulation-5-classification-plan-4-08-19.pdf
Regulation 8 -- Draft Memo to Records Department 10_23_2020.pdf,regulation-8----draft-memo-to-records-department-10_23_2020.pdf
Regulation Addressing Fees for Hauling Permits.pdf,regulation-addressing-fees-for-hauling-permits.pdf
Regulation Changes for April 2022.pdf,regulation-changes-for-april-2022.pdf
Regulation Changes for July 2023.pdf,regulation-changes-for-july-2023.pdf
Regulation Changes for May 2022.pdf,regulation-changes-for-may-2022.pdf
Regulation Classification Plan.pdf,regulation-classification-plan.pdf
Regulation FY2021 Final 2020-05-29.pdf,regulation-fy2021-final-2020-05-29.pdf
Regulation FY2022 -CFC Adjustment-7.14.2021.pdf,regulation-fy2022--cfc-adjustment-7.14.2021.pdf
Regulation No. 8.pdf,regulation-no.-8.pdf
Regulation Regarding Blood Lead Level Testing in Children_Approved 2.24.2022.pdf,regulation-regarding-blood-lead-level-testing-in-children_approved-2.24.2022.pdf
Regulation Relating to Data Collection About Firearm Injury Survivors in Violence Preventionand InterventionPrograms.pdf,regulation-relating-to-data-collection-about-firearm-injury-survivors-in-violence-prevention-and-intervention-programs-.pdf
Records Transmittal Special Inspector License.pdf,records-transmittal-special-inspector-license.pdf
Regulation Relating to Maternal.pdf,regulation-relating-to-maternal.pdf
Regulation Relating to Surveillance of Severe Maternal Morbidity_FINAL.pdf,regulation-relating-to-surveillance-of-severe-maternal-morbidity_final.pdf
Regulation changes for June 2022.pdf,regulation-changes-for-june-2022.pdf
Regulation of Business Income and Receipts Tax-103.pdf,regulation-of-business-income-and-receipts-tax-103.pdf
Regulation packet - Chapter 6 - 600.1 600.3 600.5 600.12 - signed.pdf,regulation-packet---chapter-6---600.1-600.3-600.5-600.12---signed.pdf
Regulation_ Delinquent Licenses.pdf,regulation_-delinquent-licenses.pdf
Regulations for Temporary Outdoor Dining_2020.08.28.pdf,regulations-for-temporary-outdoor-dining_2020.08.28.pdf
"Regulations of Water Rate Board, restated with amendment adopted_ 20210908- reaffirmed 20211013.pdf",regulations-of-water-rate-board--restated-with-amendment-adopted_-20210908--reaffirmed-20211013.pdf
"Regulations of Water Rate Board, restated with amendments adopted 20221109.pdf",regulations-of-water-rate-board--restated-with-amendments-adopted-20221109.pdf
"Regulations of Water Rate Board, restated with amendments_ adopted 20221109.pdf",regulations-of-water-rate-board--restated-with-amendments_-adopted-20221109.pdf
Regulations. Update. 2023. 08. 03_V.17.pdf,regulations.-update.-2023.-08.-03_v.17.pdf
Regulatory Process COVD19 Proclamation.pdf,regulatory-process-covd19-proclamation.pdf
Rental License Regulations.pdf,rental-license-regulations.pdf
Rescind Declaration of Extraordinary Circumstance.pdf,rescind-declaration-of-extraordinary-circumstance.pdf
Resolution Amending Rate Board Regulations 20221109.pdf,resolution-amending-rate-board-regulations-20221109.pdf
Resolution Amending Rate Board Regulations_ 20221109.pdf,resolution-amending-rate-board-regulations_-20221109.pdf
Revenue 2-12-18.pdf,revenue-2-12-18.pdf
Revenue Income Based Water Rate Assistance Program Regulations.pdf,revenue-income-based-water-rate-assistance-program-regulations.pdf
Revenue New Sustainable Businesses 3-9-18.pdf,revenue-new-sustainable-businesses-3-9-18.pdf
Revenue Outdoor Advertising Tax 4-16-18.pdf,revenue-outdoor-advertising-tax-4-16-18.pdf
Revenue Real Estate Tax Regulation-Section 407 Effective 6-3-19.pdf,revenue-real-estate-tax-regulation-section-407-effective-6-3-19.pdf
Revenue Regulation 10-3-22.pdf,revenue-regulation-10-3-22.pdf
Revenue Regulation Business Income and Receipts Tax-Section 202.pdf,revenue-regulation-business-income-and-receipts-tax-section-202.pdf
Revised Section 12 Amendments to PCPC Regulations as approved by Commission 09-23-2021.pdf,revised-section-12-amendments-to-pcpc-regulations-as-approved-by-commission-09-23-2021.pdf
Revised Streetery Regulations  October 2022.pdf,revised-streetery-regulations---october-2022.pdf
Records Cover Memo - Tangled Title Regulation 2022_06_02.pdf,records-cover-memo---tangled-title-regulation-2022_06_02.pdf
SVN Regulation_Final.pdf,svn-regulation_final.pdf
Sanitation regs-commercial fee update Signed by CW.pdf,sanitation-regs-commercial-fee-update-signed-by-cw.pdf
Second Amendment to Reg Governing COVID-19 Vaccines for Healthcare and Higher Ed.pdf,second-amendment-to-reg-governing-covid-19-vaccines-for-healthcare-and-higher-ed.pdf
Second Supplemental Emergency Regulation Governing the Control and Prevention of COVID-19 - approved by BOH and Law.pdf,second-supplemental-emergency-regulation-governing-the-control-and-prevention-of-covid-19---approved-by-boh-and-law.pdf
Section 12 Regulations Approval - Cover Memo for Records.pdf,section-12-regulations-approval---cover-memo-for-records.pdf
Section 2 General.pdf,section-2-general.pdf
Section 4 Airfield.pdf,section-4-airfield.pdf
Section 9-215 Safety Amendments March 2023.pdf,section-9-215-safety-amendments-march-2023.pdf
Section G.pdf,section-g.pdf
Sewer and Storm Water Rate Board Report after Hearing.pdf,sewer-and-storm-water-rate-board-report-after-hearing.pdf
Records Transmittal _Delinquent Licenses.pdf,records-transmittal-_delinquent-licenses.pdf
Signed Letter to Commissioner Leonard 05-20-20.docx (1).pdf,signed-letter-to-commissioner-leonard-05-20-20.docx--1-.pdf
Signed Reg - Law-Revenue - COVID 19.pdf,signed-reg---law-revenue---covid-19.pdf
Signed Reg Extending Mobile Food Licenses re COVID19.pdf,signed-reg-extending-mobile-food-licenses-re-covid19.pdf
Signed Rules and Regs Amendment Cover Page-8.2.2021.pdf,signed-rules-and-regs-amendment-cover-page-8.2.2021.pdf
Signed cover memo_Cremation regulation_6.9.2023.pdf,signed-cover-memo_cremation-regulation_6.9.2023.pdf
Signed cover memo_Mpox and MIS reporting_6.9.2023.pdf,signed-cover-memo_mpox-and-mis-reporting_6.9.2023.pdf
Signed directive03.19.20 (34898).pdf,signed-directive03.19.20--34898-.pdf
Solar Incentive Regulations 2.19.2020 amendments redline.pdf,solar-incentive-regulations-2.19.2020-amendments-redline.pdf
Solar Incentive Regulations final as amended 2.19.20.pdf,solar-incentive-regulations-final-as-amended-2.19.20.pdf
Solar Incentive- Regulations.pdf,solar-incentive--regulations.pdf
Southeast.pdf,southeast.pdf
Southwest.pdf,southwest.pdf
Special Inspections Regulation - 2022_08_03.pdf,special-inspections-regulation---2022_08_03.pdf
Split Zoning Determinations Regulation Final.pdf,split-zoning-determinations-regulation-final.pdf
Split Zoning Regulation Approval memo.pdf,split-zoning-regulation-approval-memo.pdf
Spring Emergency Consolidated BOH Regulation - Approved.pdf,spring-emergency-consolidated-boh-regulation---approved.pdf
Street Dept. Regs. 1-16-15.pdf,street-dept.-regs.-1-16-15.pdf
Street Dept. Regs. 1-9-15.pdf,street-dept.-regs.-1-9-15.pdf
Street Reg.pdf,street-reg.pdf
Streets Department Hearing Report.pdf,streets-department-hearing-report.pdf
Streets Department Reg.pdf,streets-department-reg.pdf
Streets Department-Amended Right of Way.pdf,streets-department-amended-right-of-way.pdf
Streets Dept. Reg 11-26-19.pdf,streets-dept.-reg-11-26-19.pdf
Streets Dept. Reg. 6-16-14 2.pdf,streets-dept.-reg.-6-16-14-2.pdf
Streets Dept. Reg. 6-16-14.pdf,streets-dept.-reg.-6-16-14.pdf
Streets Regulations 2.pdf,streets-regulations-2.pdf
Subdivision Regulation Approval memo.pdf,subdivision-regulation-approval-memo.pdf
Subdivision regulation changes.pdf,subdivision-regulation-changes.pdf
Sugar-Sweetened Beverage Tax Regulations.pdf,sugar-sweetened-beverage-tax-regulations.pdf
TAP-R Rate Determination 06.16.2021.pdf,tap-r-rate-determination-06.16.2021.pdf
TAP-R Reconciliation Proceeding Formal Notice FINAL.pdf,tap-r-reconciliation-proceeding-formal-notice-final.pdf
Regulation Relating to Drug Overdose.pdf,regulation-relating-to-drug-overdose.pdf
TJU_FlightPath-4.pdf,tju_flightpath-4.pdf
TRB_Emergency_Covid_Regs- Memo.pdf,trb_emergency_covid_regs--memo.pdf
Temporary Street and Sidewalk Closures  8-30-18.pdf,temporary-street-and-sidewalk-closures--8-30-18.pdf
Temporary covid-19 reporting amendment_March2020 - approved by BOH.doc.pdf,temporary-covid-19-reporting-amendment_march2020---approved-by-boh.doc.pdf
SVN Reg Memo.pdf,svn-reg-memo.pdf
Temporary uses year extension rev_2.pdf,temporary-uses-year-extension-rev_2.pdf
TemporaryUse RegCode Final.pdf,temporaryuse-regcode-final.pdf
The Report_.pdf,the-report_.pdf
Third Amend COVID Vaccines Reg_Final.pdf,third-amend-covid-vaccines-reg_final.pdf
Third Consolidated COVID-19 Regulation Final_Approved 2022.2.24.pdf,third-consolidated-covid-19-regulation-final_approved-2022.2.24.pdf
Third Supplemental Emergency BOH Regulation re Construction Activity.pdf,third-supplemental-emergency-boh-regulation-re-construction-activity.pdf
Transparency in Business Regulations FINAL.pdf,transparency-in-business-regulations-final.pdf
TAP-R Water Rate Board Rate Determination_Final.pdf,tap-r-water-rate-board-rate-determination_final.pdf
Waiver of Interest-Penalty Reg-signed.pdf,waiver-of-interest-penalty-reg-signed.pdf
Water Commissioners Report Part 1.pdf,water-commissioners-report-part-1.pdf
Water Commissioners Report Part 2.pdf,water-commissioners-report-part-2.pdf
Water Dept-Chapter 6 Stormwater 7-2-18.pdf,water-dept-chapter-6-stormwater-7-2-18.pdf
Water Dept. Reg 03-06-15.pdf,water-dept.-reg-03-06-15.pdf
Water Rate and Charges--.pdf,water-rate-and-charges--.pdf
Water Sewer and Storm Water Rate Board.pdf,water-sewer-and-storm-water-rate-board.pdf
Temporary uses year extension Dec 2021.pdf,temporary-uses-year-extension-dec-2021.pdf
Wayfinding Regs -Public Meeting Notice.pdf,wayfinding-regs--public-meeting-notice.pdf
Withdrawal of regulation.pdf,withdrawal-of-regulation.pdf
ZBA 2001 regs extension_Approval memo.pdf,zba-2001-regs-extension_approval-memo.pdf
ZBA 2021 regs extension revised-2305843009372525564.pdf,zba-2021-regs-extension-revised-2305843009372525564.pdf
ZBA Emergency Covid 19 Reg Final.pdf,zba-emergency-covid-19-reg-final.pdf
ZBA Reg Hearing Procedure 2[47152].pdf,zba-reg-hearing-procedure-2-47152-.pdf
ZBA Reg Notice and Filing Deadlines Approval Memo.pdf,zba-reg-notice-and-filing-deadlines-approval-memo.pdf
Work Hour Regulation.pdf,work-hour-regulation.pdf
ZBA Restart regs extension Approval memo.pdf,zba-restart-regs-extension-approval-memo.pdf
ZBA Restart regs extension corrected.pdf,zba-restart-regs-extension-corrected.pdf
ZBA extension of Board approvals.pdf,zba-extension-of-board-approvals.pdf
ZBA hearing procedures reg Approval memo.pdf,zba-hearing-procedures-reg-approval-memo.pdf
Zoning Board Approval Reg Approval Letter.pdf,zoning-board-approval-reg-approval-letter.pdf
Zoning Permit Extension Reg Approval Letter.pdf,zoning-permit-extension-reg-approval-letter.pdf
Zoning permits extension regulation.pdf,zoning-permits-extension-regulation.pdf
_..Exhibit B to AMS Reg VI - AMR VI Risk Assessment Technical Support Document._.pdf.pdf,_..exhibit-b-to-ams-reg-vi---amr-vi-risk-assessment-technical-support-document._.pdf.pdf
_Regulation Packet Chapter 2 - 205.2 - signed.pdf,_regulation-packet-chapter-2---205.2---signed.pdf
cover memo Dec 21 2022 Parking.pdf,cover-memo-dec-21-2022-parking.pdf
UO Emergency Reg 02.18.21.pdf,uo-emergency-reg-02.18.21.pdf
Signed Law Dept Approval Memo - Mobile Food Extension Reg.pdf,signed-law-dept-approval-memo---mobile-food-extension-reg.pdf
cover memo July and August 2020.pdf,cover-memo-july-and-august-2020.pdf
cover memo Feb 2023 Parking .pdf,cover-memo-feb-2023-parking-.pdf
cover memo LI Fee Reg 7.28.22.pdf,cover-memo-li-fee-reg-7.28.22.pdf
cover memo LI reg 12.15.21.pdf,cover-memo-li-reg-12.15.21.pdf
cover memo Mobile Fuel License.pdf,cover-memo-mobile-fuel-license.pdf
cover memo Oct 2022 Parking .pdf,cover-memo-oct-2022-parking-.pdf
cover memo PCHR Wage Equity regs .pdf,cover-memo-pchr-wage-equity-regs-.pdf
ZBA Reg Notice and Filing Deadlines[47151].pdf,zba-reg-notice-and-filing-deadlines-47151-.pdf
cover memo Third Amend COVID Vaccins Reg.pdf,cover-memo-third-amend-covid-vaccins-reg.pdf
cover memo for COVID Joint regs of City Commissioners and Health-.pdf,cover-memo-for-covid-joint-regs-of-city-commissioners-and-health-.pdf
cover memo re L&I Fee Schedule v2.pdf,cover-memo-re-l-i-fee-schedule-v2.pdf
img-328114140-0001.pdf,img-328114140-0001.pdf
cover memo June 2023 Parking .pdf,cover-memo-june-2023-parking-.pdf
cover memo Parking.pdf,cover-memo-parking.pdf
cover memo July 2023 Parking .pdf,cover-memo-july-2023-parking-.pdf
